ltable_id,rtable_id,label
conf/vldb/PoosalaI96,673321,1
conf/sigmod/LiC95,344869,0
journals/sigmod/Aberer02c,507341,0
conf/sigmod/CallanCD99,375812,0
conf/vldb/Orenstein98,671178,1
conf/sigmod/AgrawalK03,872865,1
journals/sigmod/LacroixB03,641003,1
conf/vldb/ChaudhuriS96,671031,0
conf/sigmod/Vaskevitch94,671364,0
conf/vldb/ChaudhuriGS95,673312,1
conf/sigmod/JagadishLS99,304186,1
conf/sigmod/ForlizziGNS00,671362,0
conf/sigmod/2003,276337,0
journals/tods/BaralisW00,362091,0
conf/vldb/Wang95,673152,1
journals/sigmod/Franklin98b,959080,0
journals/vldb/HalkidiNVV03,953243,0
conf/sigmod/JohnsonD03,223786,0
conf/vldb/JiangSLB00,672021,1
journals/sigmod/SilberschatzSU96,381886,1
journals/sigmod/WangD03,333614,0
journals/sigmod/PalpanasPKG03,309849,0
conf/sigmod/DeshpandeNGS03a,959075,0
journals/vldb/C94b,191915,0
journals/sigmod/HanBP01,603873,1
journals/tods/KemmeA00,363955,1
conf/sigmod/PeiMHZ00,671032,0
journals/sigmod/DrewHKKLLLSW95,223900,0
conf/sigmod/ZhangNBB94,191850,1
conf/vldb/NatsevCSLV01,672365,1
conf/sigmod/GangulyGR03,872790,1
conf/sigmod/GillmannWSWW00,335452,0
conf/sigmod/SwamiS94,191877,1
conf/sigmod/BettiniWBJ95,223843,1
conf/sigmod/ShanmugasundaramNSR99,304190,1
conf/sigmod/RafieiM97,253264,1
conf/sigmod/ThomasDM95,223892,1
journals/sigmod/Snodgrass98a,309883,0
conf/sigmod/ZhouWGGZWXYF03,872860,1
conf/sigmod/Kennamer98,375710,0
journals/sigmod/MeltonE02,507347,0
journals/sigmod/YanG95,212018,1
journals/sigmod/YaoG02,601861,1
journals/tods/CastanoAFP98,293150,1
journals/vldb/SakuraiYUK02,767128,1
conf/vldb/KounevB02,223862,0
journals/sigmod/GuptaHR97,271093,1
journals/sigmod/Winslett01a,959063,0
conf/sigmod/ZadorozhnyRVUB02,564731,0
conf/vldb/AgarwalADGNRS96,673497,1
journals/vldb/PapazogluK97a,765560,1
conf/vldb/Dasgupta96,615208,0
conf/vldb/KraissW97,253274,0
conf/sigmod/HernandezS95,223807,1
journals/sigmod/Segev95,290604,0
conf/sigmod/2003,335480,0
conf/sigmod/Freeston95,202673,0
journals/sigmod/BunemanFSW01,373697,1
conf/sigmod/PapadiasTSE95,190631,0
conf/vldb/HaasNSS95,637422,0
conf/vldb/JarkeKL00,671688,1
conf/sigmod/YuMWL01,673659,0
conf/vldb/RothS97,670992,1
conf/sigmod/Suciu99,304233,1
journals/sigmod/Franklin98a,672046,0
conf/sigmod/Aggarwal03,872826,1
journals/sigmod/FrankNS02,959077,0
conf/vldb/ChavdaW97,671021,1
conf/sigmod/SionAP03,872772,1
journals/sigmod/Franklin98,306137,0
conf/sigmod/Keim99,310062,0
conf/sigmod/Team95a,223898,1
conf/sigmod/LakshmananPZ03,872768,1
conf/sigmod/ClaypoolRZSK01,375765,1
journals/sigmod/Franklin00a,309849,0
conf/sigmod/LiC95,223897,1
journals/sigmod/CuiJO02,507347,1
journals/sigmod/Qian95,234901,0
journals/sigmod/JainH94,565126,0
journals/sigmod/X95,637423,0
conf/vldb/ShaferA97,375685,0
conf/sigmod/DattaDTVSR02,564714,0
conf/sigmod/DeligiannakisR03,872859,0
conf/sigmod/Gerber95,223877,1
conf/vldb/KornMS02,671173,0
journals/vldb/OzsuC98,765537,1
journals/sigmod/KimballS95,212023,1
journals/sigmod/Kosch02,565123,1
conf/sigmod/Dullmann99,304229,1
conf/vldb/LakshmananJN00,671863,1
journals/sigmod/Aberer03c,212014,0
conf/vldb/SimonD95,673319,1
conf/sigmod/Team95,223857,1
journals/sigmod/NgH95,507340,0
journals/sigmod/Aberer02,507353,1
conf/vldb/CherniackZ98,671177,1
journals/sigmod/HasanMV96,245900,1
conf/sigmod/GehrkeKS01,375665,1
conf/vldb/BerchtoldKK96,872865,0
journals/sigmod/FininJ02,565138,0
journals/sigmod/Widom96,290608,0
journals/sigmod/HuangKL02,601863,1
journals/sigmod/ONeilG95,212022,0
conf/vldb/DoDJJR98,671860,0
conf/vldb/Korth95,304226,0
conf/sigmod/FernandezS96,872875,0
journals/vldb/CliftonGB95,673307,0
conf/vldb/ColletCS94,673003,1
journals/sigmod/Palpanas00,362142,1
conf/sigmod/WangCMSSZ94,190631,0
journals/tods/YanG94,176573,1
conf/sigmod/ZhangRL96,671324,0
conf/vldb/RosenthalS94,672373,0
conf/vldb/DidriksenGD95,673313,1
journals/sigmod/BertinoEH01,565136,0
conf/sigmod/ChanI98,872779,0
conf/sigmod/LakhamrajuRSS00,335381,1
conf/vldb/WuYCT95,673158,1
conf/vldb/OrensteinK95,673151,1
journals/tods/FraternaliT95,253372,0
conf/vldb/KraissW97,673310,0
conf/sigmod/DogacTPPLKTK02,564750,1
journals/vldb/GibsonKR00,673007,0
journals/sigmod/Barbara01,564722,0
journals/sigmod/Aberer02c,306115,0
journals/sigmod/Hammer02,277955,0
journals/sigmod/ShinM94,945723,0
conf/sigmod/PengC03,375694,0
journals/vldb/ApersCS02,641269,1
journals/vldb/ZezulaSAR98,765541,1
journals/vldb/CandanLS00,765231,1
journals/sigmod/LiefkeS00,507362,0
conf/sigmod/Keim99,304242,0
journals/sigmod/BabuW01,671876,0
conf/vldb/IyerW94,672836,0
journals/vldb/AtkinsonM95,615226,1
conf/sigmod/McIverK94,191924,1
conf/sigmod/ZadorozhnyRVUB02,564695,0
journals/sigmod/ChaudhuriD97,335423,0
conf/vldb/ShanmugasundaramKSFF01,672203,1
journals/sigmod/PourabbasR00,344799,1
conf/vldb/Madnick95,672368,0
conf/sigmod/Levine95,276373,0
journals/sigmod/Bertram94,369284,0
journals/sigmod/Aberer03,362101,0
conf/sigmod/HsuLG00,336573,1
journals/sigmod/ShethBS99,310067,1
conf/sigmod/KanthRSB99,304240,1
conf/vldb/GallersdorferN95,673130,1
journals/sigmod/Jagadish00,344857,0
conf/sigmod/LazaridisM01,375686,0
conf/sigmod/StoltePAG03,872837,0
conf/sigmod/ChaudhuriDY95,223856,1
conf/vldb/ChristodoulakisTZ97,671007,1
journals/tods/CasatiCPP99,328996,1
conf/vldb/KonopnickiS95,673148,1
journals/sigmod/JukicV97,262767,1
journals/sigmod/SnodgrassAABCDEGJKKKLLRSSS94,181562,1
journals/sigmod/Bertram94,673005,0
conf/vldb/RothS97,375777,0
conf/vldb/BaumannFRW97,673652,1
journals/sigmod/Group94,187439,1
conf/vldb/ChoenniV00,673465,0
conf/sigmod/FegarasSRM00,335494,1
journals/sigmod/GottlobKP03,507356,0
journals/sigmod/Alonso94,601876,0
journals/sigmod/LinP96,381878,1
journals/sigmod/BaaderJN97,253322,0
conf/sigmod/ZhaoDNS98,276329,1
conf/sigmod/AgrawalGGR98,276314,1
journals/vldb/ChienTZ02,764204,1
conf/sigmod/DeutschFS99,304220,1
conf/vldb/SadriZZA01,672043,1
journals/sigmod/BallMRZ02,507350,1
journals/sigmod/Huyn01,672827,0
conf/sigmod/YangWYH02,564738,1
journals/tods/MehrotraRKS98,277629,1
journals/tods/PolyzoisG94,191990,0
conf/sigmod/Ullman03,872765,0
conf/vldb/PappasC00,671850,1
conf/vldb/GarciaLL98,671188,1
journals/sigmod/Fankhauser01,271080,0
conf/vldb/ShanmugasundaramSBCLPR00,671695,1
journals/tods/Alagic99,328943,1
journals/vldb/AbadiCCCCLSTZ03,673465,0
journals/sigmod/WeikumSR03,565142,0
conf/sigmod/OrdonezC00,335468,1
conf/vldb/CasatiS00,671694,1
journals/sigmod/SegevJS95,765505,0
conf/sigmod/AndersonAF98,273247,0
conf/sigmod/ZhangZPTL03,872812,1
journals/sigmod/Cruz00,271077,0
journals/sigmod/GobleR02a,233371,0
conf/vldb/RothOH99,671494,1
conf/sigmod/SeshadriHPLRSSS96,233360,1
conf/sigmod/ShenNSHS03,872842,1
conf/sigmod/KornM00,335415,1
journals/sigmod/Suciu02,507360,1
journals/vldb/BeckerGOSW96,765854,1
conf/sigmod/RundensteinerCCSO00,335427,0
conf/vldb/MeoPC96,673500,1
conf/vldb/YanA94,672964,1
journals/sigmod/SantucciT96,245893,0
conf/vldb/EvangelidisLS95,673316,1
conf/vldb/ChakrabartiM00,671852,1
conf/sigmod/DraperHW01,375744,1
conf/vldb/FlorescuLSY99,304586,0
journals/sigmod/Etzion99,603874,0
journals/sigmod/PourabbasR00,219772,0
conf/sigmod/Maguire01,223883,0
journals/sigmod/DongS00,306144,0
journals/sigmod/MusickC99,344860,1
conf/vldb/ChenJLP03,775455,0
journals/vldb/WhangKW94,223850,0
journals/sigmod/Alonso94b,604274,0
journals/sigmod/ShethMKA01,604286,1
journals/sigmod/CatarciC96,245888,1
conf/vldb/MaratheS97,671002,1
conf/vldb/ShaferAM96,671345,0
conf/sigmod/LarsonG98,276346,1
conf/sigmod/AgrawalCD02,564782,1
conf/sigmod/DeolaseeKPRS01,276367,0
journals/sigmod/Weikum02,507354,0
journals/sigmod/KannanKIK03,306102,0
conf/sigmod/AbadiCCCCEGHMRSSTXYZ03,872855,1
journals/sigmod/Liu01,181569,0
conf/sigmod/BohrerBBCFHKKMNRRSUUW97,253294,1
conf/vldb/SeshadriLR96,764213,0
conf/sigmod/GrumbachRS98,276324,1
conf/vldb/GoldmanSVG98,671008,0
conf/sigmod/HanKS97,673629,0
conf/vldb/BernsteinPS99,304211,0
journals/sigmod/PapazoglouH99,309886,1
conf/vldb/SreenathS94,672995,1
conf/sigmod/MayrS99,304213,1
conf/sigmod/Mylopoulos98,276349,1
conf/sigmod/AgrawalGGR98,673636,0
conf/sigmod/KementsietsidisAM03,375678,0
conf/vldb/HaasNSS95,673295,1
journals/sigmod/Huyn01,233341,0
conf/sigmod/ZaharioudakisCLPU00,335390,1
journals/tods/OliverS94,672822,0
journals/sigmod/Date96,245885,1
journals/sigmod/LaenderRST02,565137,1
conf/sigmod/TomasicABKNR97,253402,1
journals/sigmod/LaenderRST02,245895,0
conf/vldb/AgrawalSX01,375727,0
journals/sigmod/BergamaschiCV99,309897,1
conf/sigmod/DewanSHH94,273253,0
conf/vldb/Huyn01,672037,1
conf/vldb/ArgePRSV98,671340,1
conf/vldb/Huyn97,671518,0
journals/sigmod/Aberer03d,601867,0
journals/vldb/DeWittNSV96,673465,0
conf/sigmod/LakshmananPZ03a,872843,1
conf/vldb/KahveciS01,672028,1
conf/sigmod/Jagadish94,191991,1
conf/vldb/ManolescuFKXO00,671846,1
journals/sigmod/Alonso94,672828,0
conf/vldb/GinisHKMT97,670997,1
conf/sigmod/AggarwalWY99,304218,1
conf/sigmod/MogiK96,233331,1
conf/vldb/DesslochM97,671012,1
conf/vldb/MiningGroup96,673478,1
journals/tods/Kuo96,304577,0
journals/sigmod/MotroA03,234901,0
journals/sigmod/NascimentoSP03,641001,0
conf/sigmod/Hammond99,304243,1
conf/sigmod/KementsietsidisAM03,304241,0
conf/vldb/ChoenniV00,672008,1
journals/sigmod/BernsteinHP00,276375,0
conf/sigmod/ReinwaldP98,276356,1
journals/sigmod/PhatakSSS96,233327,0
journals/vldb/EyalM01,767135,1
journals/sigmod/Roussopoulos98,671195,0
conf/sigmod/BerchtoldK98,276353,1
journals/sigmod/CruzKLSWY02,601882,1
journals/vldb/FuCCM00,765232,1
conf/vldb/ManolopoulosT01,672358,1
conf/vldb/YagoubFIV00a,758379,1
conf/sigmod/YangYW00,336578,1
journals/vldb/LawLG99,765513,1
conf/vldb/GrovlenHT98,671204,1
journals/sigmod/Bernstein01,344843,0
journals/sigmod/HummerLW02,564730,0
conf/sigmod/KeimK95,671178,0
conf/sigmod/ChenGM01,375688,1
journals/sigmod/WuY00,304186,0
journals/sigmod/MedskerCS95,223817,0
conf/sigmod/KoudasS03,872871,1
conf/sigmod/GodfreyGXZ01,190631,0
journals/tods/Galindo-LegariaR97,244812,1
journals/sigmod/NadoH97,190647,0
conf/vldb/KornMZ03,673489,0
journals/sigmod/X95a,381900,0
conf/sigmod/Suciu99,276391,0
conf/vldb/DarFJST96,673462,1
journals/sigmod/Etzion99,304243,0
conf/vldb/BrightR02,672035,0
journals/sigmod/Stacey95,601869,0
journals/sigmod/AndlerHEMBE96,381881,1
journals/sigmod/DreyerDS94,181553,1
conf/sigmod/WangPFY03,672968,0
conf/sigmod/MissikoffT94,187460,0
journals/sigmod/FifeG03,776991,1
conf/sigmod/LeflerSW96,280354,1
journals/sigmod/LacroixB03,777004,0
journals/sigmod/ZobelMR96,273251,0
journals/sigmod/BerzalM02,565130,1
conf/vldb/Shenker03,673648,0
journals/sigmod/HaritsaS96,381870,1
conf/sigmod/KrollW94,191891,1
conf/vldb/TsoisS03,950487,0
conf/sigmod/RiedelFGN00,375668,0
conf/sigmod/Bierman03,375728,0
conf/sigmod/KornMZ03,344869,0
journals/sigmod/Snodgrass97a,290598,0
conf/sigmod/BraumandlKK99,304573,1
journals/sigmod/Gal99,310061,1
journals/sigmod/HummerLW02,604276,0
journals/sigmod/OrlandicLS02,304576,0
conf/sigmod/ZhangRL96,673327,0
journals/sigmod/LuoI02,601879,1
conf/vldb/BohmMSW01,672198,1
journals/sigmod/Winslett03,640999,1
journals/sigmod/GerlhofKM96,872778,0
conf/sigmod/PaparizosACJLNPSWWY03,872862,1
conf/vldb/BettiniJWW02,564768,0
journals/sigmod/Alonso95a,362137,0
conf/vldb/Celis96,673471,1
conf/sigmod/GriffinL95,223849,1
journals/sigmod/Liu01,310060,0
journals/sigmod/SureSS02,564739,0
conf/vldb/LeeL99,671354,1
conf/vldb/HvasshovdBT00,671853,1
conf/vldb/DeenJNNW00,671702,1
conf/sigmod/ColeG94,191872,1
conf/sigmod/Larson01,375783,0
journals/sigmod/RamamrithamSSTX96,381868,1
journals/tods/Ng01,293151,0
conf/vldb/ChirkovaHS01,672216,1
journals/sigmod/Suciu97,670998,0
journals/vldb/DerrMP94,615194,1
journals/sigmod/JacobS99,601863,0
journals/sigmod/Kim94,637416,0
journals/vldb/PapadiasS94,191925,0
journals/sigmod/Qian96b,777003,0
conf/sigmod/ChoALS03,191901,0
conf/vldb/BelussiF95,673166,1
conf/sigmod/HsiaoN00,335461,1
journals/sigmod/AbelTK97,306141,0
conf/vldb/RaghavanG01,672210,0
journals/sigmod/Ozsu01,190633,0
conf/vldb/BalminPP00,672016,1
conf/vldb/GarofalakisG01,672356,1
journals/sigmod/Segev94a,381892,0
conf/sigmod/Ahn94,191847,1
journals/tods/ChomickiTB01,383892,1
conf/vldb/BohannonLRSSS97,671017,1
journals/sigmod/Group94,191845,0
conf/sigmod/GarofalakisRRS99,304227,1
conf/sigmod/Dyreson03,872809,0
conf/sigmod/RothAHCCFSTW96,280363,1
conf/sigmod/WangZS95,223900,1
conf/sigmod/Vaskevitch94,191942,1
journals/sigmod/RossNO03,637434,0
journals/sigmod/KennedyMB96,245895,1
journals/vldb/ShanmugasundaramSBCLPR01,253361,0
conf/sigmod/MamoulisP99,564722,0
journals/vldb/DeWittNSV96,765751,1
journals/sigmod/SlivinskasJS02,565119,1
conf/vldb/KietzRS97,671001,1
journals/sigmod/Stirling03,776997,1
conf/sigmod/UrhanFA98,191882,0
conf/sigmod/RamakrishnanD98,276361,1
conf/sigmod/Galindo-LegariaJ01,375684,0
conf/sigmod/BaruGLMPVC99,304590,1
conf/sigmod/ShklarSKT95,276316,0
conf/sigmod/Aggarwal02,564743,1
conf/sigmod/DattaDTVSR02,276384,0
conf/vldb/LongS03,672209,0
journals/sigmod/Ulusoy95,673007,0
conf/sigmod/LometT03,306141,0
journals/sigmod/Wade96,212017,0
conf/sigmod/ZhangDWEMPMDR03,872861,1
conf/sigmod/FlorescuGKR02,564779,1
conf/sigmod/FlorescuLMS99,671329,0
journals/sigmod/Alonso94b,601864,0
journals/sigmod/Franklin98b,671166,0
conf/vldb/ChakrabartiDAR97,673659,1
conf/vldb/Schoning98,671181,1
journals/sigmod/Kemper02,507361,0
conf/vldb/JohnsonM98,671327,1
journals/vldb/C94,191931,0
journals/vldb/AbiteboulCM98,765527,1
conf/sigmod/Mohan02,564796,1
conf/sigmod/2002,776992,0
conf/sigmod/ShouCTRH01,375755,1
journals/tods/Kuo96,673637,0
conf/vldb/CareyD96,673465,1
conf/vldb/Adler01,758383,1
conf/sigmod/Cotton02,262765,0
journals/sigmod/Bernstein01,565127,0
journals/sigmod/Liu02a,190628,0
journals/vldb/ChakrabartiRS03,950488,1
conf/vldb/Ramaswamy00,672012,1
journals/vldb/LinJF94,767097,0
journals/sigmod/AndersonS94,604281,0
conf/sigmod/Suciu99,564741,0
conf/vldb/ZirintsisKM99,758374,1
conf/sigmod/PapakonstantinouV99,233365,0
journals/vldb/Halevy02,764200,1
journals/sigmod/Anisimov03,945741,1
journals/vldb/PeckhamMD95,615219,1
journals/sigmod/KantM00,362091,1
conf/sigmod/BrodskyK95,223788,1
journals/sigmod/Libkin99,310715,0
journals/tods/DyresonS98,288087,1
conf/vldb/AnSVKIG01,672374,1
conf/sigmod/DeHaanTCO03,872832,1
conf/vldb/Mohan96,673631,1
journals/vldb/VaghaniRKSSLH94,615197,1
conf/sigmod/MaddenFHH03,872817,1
conf/sigmod/JohnsonD03,564768,0
conf/vldb/SubietaKL95,673138,1
conf/vldb/PoosalaI97,673638,1
journals/sigmod/Qian95a,362096,0
journals/sigmod/KannanKIK03,637414,0
conf/vldb/SchmidtWKCMB02,764204,0
journals/sigmod/Hammer01,507362,0
conf/vldb/Mihalisin98,671176,1
journals/tods/Subrahmanian94,176571,1
conf/vldb/MorimotoIM97,673651,1
conf/sigmod/AgichteinG03,872851,1
journals/vldb/KraissW98,765532,1
journals/vldb/MehtaGPN98,765522,1
conf/vldb/BrownG01,672032,1
journals/vldb/ShethTP03,775454,1
journals/vldb/AilamakiDH02,641271,1
conf/vldb/MoserKK95,673149,1
conf/sigmod/LometT03,872871,0
journals/sigmod/Colliat96,234901,1
conf/vldb/HelalL00,671869,1
journals/sigmod/MedskerCS95,223895,0
conf/sigmod/KeimK95,223895,1
conf/vldb/Rengarajan96,673499,1
conf/sigmod/NestorovAM98,276331,1
journals/sigmod/Mendelzon98,273264,0
journals/tods/AmmannJR97,249981,1
journals/sigmod/Abiteboul99,344853,1
journals/sigmod/Geller02,245885,0
conf/vldb/SevcikK96,758383,0
journals/sigmod/Chang03,202666,0
journals/tods/KotidisR01,565121,0
journals/sigmod/Snodgrass03,601868,0
conf/sigmod/Bayardo98,276313,1
conf/vldb/BaulierBGJGKKMMNNRSS98,381897,0
journals/sigmod/Hainaut03,381897,0
journals/vldb/ChakrabartiDAR98,671334,0
conf/vldb/TanSHCR01,672376,1
journals/sigmod/GatziuJSV99,375685,0
conf/vldb/PapadiasT01,672363,1
journals/sigmod/ChengP03,959068,1
conf/sigmod/BrunoC02,564722,1
conf/vldb/BohannonLRSSS97,872820,0
journals/sigmod/KiyokiKH94,673158,0
conf/sigmod/DobraGGR02,564699,1
conf/vldb/KumarRRT99,671512,1
conf/sigmod/CruzJ99,304587,1
journals/vldb/AbiteboulB95,615234,1
conf/vldb/OzsuLON01,672177,1
conf/sigmod/FernandezMS01,362140,0
conf/sigmod/HristidisKP01,375682,0
conf/sigmod/Bonnet02,564790,1
conf/vldb/GarofalakisG02,672356,0
conf/vldb/HaasNSS95,223868,0
journals/vldb/IshakbeyogluO98,765525,1
journals/sigmod/Aberer02,344822,0
conf/sigmod/ChaudhuriDN01,375694,1
conf/sigmod/DobraGGR02,276314,0
journals/sigmod/SegevJS95,764216,0
conf/vldb/WienerN95,223801,0
conf/sigmod/JonkerS95,223903,1
journals/sigmod/Abiteboul99,310062,0
conf/vldb/BernsteinD94,223876,0
conf/vldb/MillinerBP95,673144,1
journals/sigmod/Widom95,601865,0
journals/sigmod/GalianoM03,673322,0
conf/vldb/KoudasMJ99,335434,0
conf/sigmod/2003,253302,0
journals/tods/KarpSP03,762473,1
conf/sigmod/GeneserethKD97,253400,1
journals/sigmod/Ioannidis96,637434,0
conf/vldb/CochranePM96,673498,1
conf/sigmod/WangCMSSZ94,191863,1
conf/sigmod/BilirisP94,191983,1
conf/vldb/KumarRRT99,671169,0
conf/sigmod/Aggarwal03,191991,0
journals/sigmod/MaximilienS02,219760,0
conf/sigmod/Squire95,672020,0
conf/sigmod/HammerGNYBV97,253395,1
journals/vldb/PottingerH01,767146,1
conf/vldb/CliftonFHKLS03,872822,0
conf/sigmod/GetoorTK01,375727,1
conf/sigmod/GebhardtJJ97,223807,0
conf/vldb/Padmanabhan96,673162,0
journals/sigmod/AndersonS94,344815,0
conf/sigmod/BeyerR99,191958,0
conf/vldb/RoussopoulosK98,671180,1
journals/sigmod/ClementLGMK97,262765,1
journals/tods/TariSS97,278247,1
journals/sigmod/Weikum02,601867,1
journals/vldb/AslanM99,765512,1
journals/sigmod/PitouraB95,507367,0
journals/sigmod/Jannink95,637413,0
conf/sigmod/Colliat03,872787,0
journals/sigmod/Seshadri98,507359,0
conf/vldb/Mohan02a,672360,0
conf/sigmod/ThomasDM95,959066,0
conf/sigmod/CorralMTV00,335414,1
conf/sigmod/MoleskyR95,223786,1
conf/sigmod/Smith01,375814,1
conf/sigmod/AltinelLKMPLWB02,564765,1
journals/sigmod/Halevy00,369284,1
conf/sigmod/AtzeniT97,253393,1
journals/sigmod/GottlobKP03,565118,0
conf/vldb/IdrisGC94,673158,0
conf/sigmod/RafieiM97,253404,0
conf/vldb/PoosalaI96,765852,0
conf/vldb/OoiYTJ01,672178,1
conf/vldb/HelmerM97,673667,1
journals/sigmod/Kosch02,641006,0
conf/vldb/Draluk01,672031,1
conf/vldb/SundaraHCAS01,672361,1
journals/sigmod/Qian95b,637427,0
journals/sigmod/Snodgrass00c,945740,0
journals/sigmod/Bertram94,191904,0
conf/sigmod/TrisoliniLN99,304569,1
conf/sigmod/AggarwalWY99,564785,0
journals/vldb/C95c,765537,0
conf/vldb/TsatalosSI94,672990,1
conf/sigmod/PapadiasTSE95,223798,1
journals/sigmod/SayginVC01,381870,0
conf/sigmod/Adelberg98,223889,0
conf/sigmod/AbadiC02,872770,0
conf/vldb/SevcikK96,233323,0
conf/vldb/ShahabiFKF00,671682,1
journals/sigmod/HansonN99,344839,1
conf/sigmod/SagonasSW94,191927,1
conf/sigmod/Perna95,202113,0
conf/vldb/VermeerA96,673635,1
conf/sigmod/HanKS97,253404,1
conf/sigmod/Gettys95,223860,1
conf/vldb/AndreiV01,672357,1
conf/vldb/RamamrithamABEGP00,672007,1
conf/sigmod/HinneburgKW02,564741,0
conf/vldb/Raghavan96,765755,0
conf/vldb/LiRS99,671186,0
journals/sigmod/FininJ02,507360,0
journals/sigmod/Ahlberg96,245893,1
conf/sigmod/Dietterich94,191931,1
conf/vldb/ChanGR02,564733,0
conf/sigmod/BrinMUT97,223870,0
conf/sigmod/ReissK03,181565,0
conf/vldb/Vaskevitch95,672827,0
conf/sigmod/DeshpandeRSN98,306141,0
conf/sigmod/CruzALRZ97,253376,1
conf/vldb/RiedelGF98,276358,0
journals/sigmod/ArenasKKKMM03,945733,1
conf/sigmod/BunemanM95,671859,0
journals/sigmod/Huyn01,335479,0
conf/sigmod/BerchtoldBK98,276318,1
conf/sigmod/DavisonG95,223845,1
journals/sigmod/Snodgrass03c,604281,0
conf/vldb/BouganimFV96,673330,1
conf/vldb/Sullivan96,673489,1
conf/vldb/JagadishLS99,671666,1
journals/sigmod/GobleR02a,248616,0
journals/sigmod/TheodoridisN00,390004,0
conf/vldb/KemperKW99,765236,0
conf/vldb/Toivonen96,673325,1
conf/vldb/FerrandinaMZ94,672991,1
journals/sigmod/CheungF98,290596,1
conf/sigmod/ZhangRL96,672020,0
conf/vldb/Madnick95,764218,0
journals/sigmod/HummerLW02,507345,1
journals/sigmod/RossGN03,641001,1
journals/sigmod/FrewD97,248609,1
journals/tods/SalemGS94,174639,1
journals/sigmod/KokkotosIPS95,223844,0
journals/vldb/KornLKF00,764219,1
journals/vldb/HalkidiNVV03,953242,1
conf/sigmod/AbadiCCCCEGHMRSSTXYZ03,253361,0
journals/sigmod/BichlerSZ98,565123,0
journals/sigmod/GalianoM03,381901,0
journals/sigmod/BoscMP01,276348,0
conf/sigmod/Keim96,280349,1
conf/sigmod/BryanMCLG94,191955,1
conf/vldb/KraissW97,615202,0
conf/vldb/CareyD96,335439,0
journals/vldb/AguileraCMVV02,223814,0
journals/sigmod/Jagadish01,604276,1
conf/vldb/CarinoOBS99,671525,1
conf/vldb/QianZXP03,765238,0
journals/sigmod/PoessF00,507344,0
conf/sigmod/LoR96,233337,1
journals/sigmod/Franklin00,273271,0
conf/sigmod/AtzeniT97,672990,0
conf/sigmod/Brown99,304235,0
conf/vldb/StathatosRB97,673653,1
conf/vldb/WildfogelY97,670998,1
journals/sigmod/DogacDKOONEHAKKM95,212017,1
journals/sigmod/JenningsNF98,601860,0
journals/sigmod/AbererCDDHPS03,945729,1
journals/sigmod/VenkatraoP95,219763,1
journals/vldb/MedjahedBE03,953243,1
conf/sigmod/BrunoC02,233317,0
journals/sigmod/SegevJS95,276324,0
journals/sigmod/Ozsoyoglu99,234898,0
journals/tods/BertinoBFS98,293151,1
conf/vldb/CatozziR95,673144,0
conf/vldb/BamfordBKM98,671023,1
journals/sigmod/NascimentoSP03,564721,0
conf/sigmod/Mamoulis03,223803,0
conf/vldb/Suciu96,673629,1
conf/sigmod/HoAMS97,253274,1
conf/vldb/ImielinskiB02,672351,0
journals/vldb/NgC98,765535,1
conf/sigmod/CeriFP98,276390,1
journals/sigmod/BarbaraCJW01,604268,1
conf/sigmod/AggarwalY00,335383,1
conf/vldb/Novaretti01,672196,1
conf/sigmod/UrhanFA98,276317,1
journals/vldb/ChanGR03,950484,1
conf/vldb/OzdenGHNSDGGW01,672352,1
journals/sigmod/CarmelMS01,601874,0
conf/sigmod/Chan98,276362,1
conf/sigmod/LiBKN03,872820,1
conf/sigmod/ChakrabartiDI98,276332,1
journals/sigmod/GatziuJSV99,381886,0
conf/sigmod/CeriFPP95,223886,1
journals/sigmod/Anonymous96,306102,0
journals/vldb/OzsuPSILM95,615228,1
conf/sigmod/Team95c,223858,1
conf/sigmod/KalnisP01,375679,0
conf/vldb/JonscherD94,672978,1
conf/vldb/IdrisGC94,672967,1
conf/vldb/Mina98,671162,1
conf/sigmod/Kennamer98,671194,0
conf/sigmod/GrossmanHQ95,223901,1
journals/sigmod/WuY00,333615,0
conf/vldb/GuptaM96,673482,1
conf/sigmod/ConsensM94,191898,1
journals/sigmod/NadoH97,565128,0
journals/vldb/ShyyASL96,276315,0
journals/sigmod/Wong95,262768,0
conf/sigmod/ChaudhuriGS03,872802,1
conf/vldb/CochinwalaB94,671871,0
journals/sigmod/ButtlerCCFHLPRX02,637421,1
conf/vldb/CooperSFHS01,672203,0
conf/sigmod/MoonWH02,564735,1
journals/sigmod/Konig-RiesL97,262771,1
journals/tods/LeveneL99,310712,1
conf/sigmod/AboulnagaC99,304198,1
journals/tods/JajodiaSSS01,383894,1
conf/sigmod/PengC03,872810,1
conf/sigmod/JaedickeM98,276338,1
journals/vldb/GeorgeH00,764215,1
journals/sigmod/SchmidtWKFCMB01,190631,0
conf/sigmod/GriffinH97,344869,0
conf/vldb/CarneyCCCLSSTZ02,335476,0
conf/sigmod/CareyCNVDRSM99,304234,1
conf/sigmod/LiuFP03,872846,1
conf/vldb/WangZ00,671687,1
journals/sigmod/EisenbergM99a,641000,0
conf/vldb/HelalL00,671861,0
conf/vldb/Norvag99,758375,1
journals/sigmod/NorrieBSW94,637429,0
conf/sigmod/ArefBV95,223811,1
conf/sigmod/Chamberlin03,253401,0
journals/sigmod/RosenthalSMBTL95,181567,0
journals/vldb/ShethTP03,950487,0
conf/sigmod/KrollW94,191872,0
journals/tods/Ross96,232628,1
conf/vldb/Chawathe99,671669,1
conf/vldb/WuFSP00,671847,1
journals/sigmod/RosenthalS99,601865,0
conf/vldb/ChaHKK01,505055,0
journals/sigmod/Qian96b,245909,1
conf/sigmod/ForlizziGNS00,671364,0
conf/sigmod/HanKS97,673335,0
journals/sigmod/JaegerF95,603883,0
conf/vldb/BaulierBGJGKKMMNNRSS98,775454,0
journals/sigmod/MedskerCS95,211999,0
journals/sigmod/McHughW97,673326,0
journals/sigmod/Aberer03a,191884,0
conf/vldb/NarayananS01,672213,1
conf/sigmod/Hellerstein94,191904,1
conf/sigmod/FaloutsosSTT00,335412,1
conf/vldb/ShaferA97,672024,0
journals/sigmod/NejdlSS03,945731,1
conf/sigmod/BrinkhoffKSS94,191880,1
journals/sigmod/KoksalAD98,273265,1
conf/sigmod/FukudaMMT96,233313,1
journals/vldb/GibsonKR00,672974,0
journals/vldb/Ozsu03,872807,0
conf/sigmod/BaulierBGGHJKKMMNNRSSSWW99,304239,1
conf/sigmod/RaoR98,276354,0
conf/sigmod/IoannidisP95,223841,1
journals/vldb/FengYLH02,767131,1
conf/vldb/MillerHH00,671677,1
conf/vldb/PfoserJT00,672019,1
conf/vldb/Moerkotte98,758382,0
conf/sigmod/Larson01,375792,1
conf/sigmod/VriesMNK02,564729,1
conf/vldb/AboulnagaAN01,672034,1
journals/tods/BaekgaardM95,202110,0
conf/sigmod/BhargavaGI95,673295,0
conf/vldb/NipplM98,671337,1
conf/vldb/SchmidtWKCMB02,672182,0
conf/vldb/GohOST99,671507,1
journals/vldb/AbiteboulB95,767129,0
journals/sigmod/OrlandicLS02,223873,0
journals/sigmod/Libkin99,603885,0
conf/sigmod/RundensteinerKRCJM96,280361,1
conf/sigmod/HellersteinHW97,253407,0
conf/sigmod/Sheth95,223882,1
journals/sigmod/Alonso94b,603869,0
conf/sigmod/ShatdalN95,223801,1
journals/vldb/DeyBS96,765803,1
journals/sigmod/Aberer01a,603878,0
conf/sigmod/BerckenDS00,335437,0
conf/sigmod/GionisGK01,375689,1
conf/sigmod/ClaypoolRZSK01,373713,0
conf/sigmod/KementsietsidisAM03,872798,1
conf/sigmod/WynblattN01,564792,0
conf/sigmod/AgrawalK03,637419,0
journals/sigmod/KambhampatiK03,959086,1
journals/tods/BaralisW00,363954,1
journals/sigmod/RosenthalS99,333611,1
conf/sigmod/Dietterich94,280354,0
journals/vldb/Cobb97,765555,1
journals/tods/MamoulisP01,503101,1
conf/vldb/ChoenniV00,671691,0
journals/sigmod/McClatcheyV97,276310,0
journals/sigmod/OrlandicLS02,564766,0
journals/sigmod/Snodgrass97a,601862,0
conf/vldb/AgrawalSX01,375752,0
journals/sigmod/CareyS99,310063,0
conf/vldb/NetzCBF00,671836,1
journals/sigmod/BerndtssonH96,245887,0
journals/sigmod/GerlhofKM96,234893,1
journals/sigmod/GriffinK98,290597,1
conf/sigmod/GardarinMP95,223791,1
journals/sigmod/Wong95,212013,1
conf/sigmod/Blakeley94,181566,0
conf/vldb/RamasamyPNK00,672009,1
journals/sigmod/ChienTZ01,603875,1
journals/sigmod/DogacDATKCD98,306109,1
conf/vldb/CooperSFHS01,672202,1
conf/vldb/FlorescuKLP97,673654,1
journals/sigmod/EisenbergM00,344819,1
journals/sigmod/SommerGB02,507343,1
conf/sigmod/Mohan99,304573,0
conf/sigmod/Eaton98,564701,0
journals/vldb/HuntAI02,641274,1
journals/vldb/GruserRZZ00,765221,1
journals/sigmod/Jannink95,640992,0
journals/tods/MuralidharS99,331986,1
journals/sigmod/FengJH01,373691,1
conf/sigmod/GingrasLSPS97,253397,1
journals/sigmod/RiekertMW97,248608,1
conf/sigmod/Ivinskis95,223862,1
journals/sigmod/GalianoM03,304204,0
conf/vldb/GarofalakisOS97,758368,1
conf/vldb/ShanmugasundaramGTZDN99,671499,1
conf/sigmod/BabuGR01,375693,1
conf/vldb/BernsteinHJRW00,671867,1
conf/vldb/TriantafillouP97,673663,1
conf/sigmod/GangulyGMS96,233340,1
journals/sigmod/Qian96b,507365,0
conf/sigmod/ImielinskiVB94,191846,1
journals/vldb/RoySSSA98,765534,1
conf/sigmod/McAuliffeCS96,375812,0
journals/sigmod/Aberer01,603869,1
conf/vldb/KalusD95,673315,1
conf/vldb/JagadishMN99,671667,1
conf/vldb/GantiLR00,672017,1
journals/tods/GibbonsMP02,581753,1
conf/vldb/PardonA00,671840,0
journals/vldb/FerrariAABC02,767097,1
journals/vldb/HarderR96,765805,1
journals/tods/ChaudhuriS99,320249,1
conf/vldb/HinneburgAK00,671675,1
journals/sigmod/Qian97,219769,0
conf/vldb/ChoG00,671679,1
conf/sigmod/WynblattN01,375814,0
conf/sigmod/BlakeleyD00,335480,1
conf/sigmod/Stonebraker98,276370,0
conf/sigmod/LangS01,375716,1
conf/vldb/ManegoldBK00,672010,1
conf/sigmod/AgrawalASY97,253389,0
conf/vldb/BonifatiCDS01,672212,1
conf/sigmod/Dietterich94,673318,0
conf/vldb/AilamakiDHW99,671662,1
journals/tods/MehrotraRKS98,568520,0
conf/sigmod/Moore95,223859,1
conf/vldb/LevySSZ94,219056,0
journals/sigmod/AlonsoCIM95,959066,0
conf/sigmod/BrinkhoffKSS94a,671198,0
journals/vldb/Sciore94,615189,1
conf/sigmod/GillmannWW02,601880,0
journals/sigmod/Geller02,507355,1
conf/sigmod/GatziuGD95,223893,1
journals/tods/BrightHP94,176569,1
journals/sigmod/AtkinsonDJPS96,381873,0
conf/sigmod/KriegelMPS01,672360,0
conf/vldb/CuiW01,672029,1
journals/sigmod/Mackay99,565133,0
journals/vldb/LinJF94,615210,1
conf/vldb/OlstonW00,671877,1
journals/sigmod/PapazoglouH99,640991,0
journals/sigmod/GalianoM03,959080,1
conf/vldb/Duranti01,672214,1
journals/sigmod/Ozsu03,872855,0
conf/vldb/ZemankovaI94,672998,1
journals/sigmod/SpynsMJ02,637413,1
conf/sigmod/SagonasSW94a,601868,0
journals/vldb/ScheuermannWZ98,765523,1
conf/vldb/BeneventanoBCCGMMV00,764215,0
journals/tods/RosenthalR94,176568,1
journals/sigmod/Franklin00,271093,0
journals/sigmod/NgH95,202665,1
journals/sigmod/Chaudhri98,310065,0
journals/sigmod/KantM00,344825,0
conf/vldb/MorimotoFMTY98,673500,0
journals/sigmod/CeriKKLOSV00,187462,0
conf/sigmod/KotidisR98,304570,0
journals/sigmod/ChaudhuriD97,248616,1
conf/vldb/BlottKS98,671333,1
conf/sigmod/TaoP02,564730,1
journals/sigmod/TianDCZ02,245886,0
conf/sigmod/NybergBCGL94,191884,1
conf/sigmod/DraperHW01,304223,0
conf/vldb/BohlenSS96,673474,1
conf/sigmod/LehnerSPC00,335454,1
journals/sigmod/EisenbergM98a,273254,0
conf/sigmod/YuMWL01,375684,1
conf/sigmod/BrinMUT97,253325,1
journals/sigmod/Winslett01,565140,0
journals/tods/GhandeharizadehHJ96,363955,0
journals/sigmod/SalgadoE03,381886,0
journals/vldb/OzsuC98,223814,0
conf/sigmod/BersonGM95,223852,1
conf/vldb/StohrMR00,673486,0
conf/sigmod/AvnurHLORRRW98,276383,1
journals/tods/BaralisCP96,227605,1
conf/sigmod/OlstonWL01,375710,1
conf/sigmod/CruzJ99,872855,0
journals/sigmod/GalianoM03,304208,0
conf/vldb/LockemannKKKN97,673665,1
conf/sigmod/ColletC95,223887,1
conf/sigmod/GuhaRS98,276371,0
journals/tods/Revesz98,507237,0
conf/sigmod/Galindo-Legaria94,191908,1
journals/sigmod/Bernstein01,641001,0
conf/sigmod/ReinwaldP98,276362,0
conf/vldb/KoudasMJ99,758373,1
conf/sigmod/GotoK03,369284,0
journals/tods/Jagadish95,673156,0
journals/vldb/CasatiSG01,767133,1
journals/sigmod/McHughW97,271082,1
journals/vldb/AilamakiDH02,564742,0
conf/sigmod/PengC03,335405,0
conf/sigmod/ForlizziGNS00,872818,0
journals/sigmod/BichlerSZ98,390004,0
conf/vldb/ShatdalKN94,758363,1
conf/sigmod/ButtlerLPP01,375684,0
conf/vldb/LuSL95,758364,1
conf/sigmod/ProcopiucJAM02,507356,0
journals/sigmod/PapazoglouH99,333610,0
conf/sigmod/LahiriG01,375751,1
journals/sigmod/Sidell96,245906,1
conf/sigmod/ChawatheRGW96,233366,1
conf/vldb/BouganimCDDGS99,671518,1
journals/vldb/SteinbrunnMK97,765556,1
journals/sigmod/Hammer03,959077,0
journals/sigmod/RoantreeS02,637432,0
journals/vldb/TorpJS00,764220,1
conf/vldb/BrinkhoffK94,672841,1
conf/vldb/RezendeS98,671195,1
conf/vldb/BamfordAP99,671509,1
conf/vldb/LakshmananJN00,673629,0
conf/sigmod/WynblattN01,304585,0
conf/sigmod/Lassettre98,872786,0
journals/sigmod/WuY00,344799,0
conf/vldb/CherniackFZ01,383892,0
conf/vldb/RamsakMFZEB00,671872,1
conf/vldb/ChoenniV00,191870,0
conf/sigmod/FegarasM95,223789,1
conf/vldb/BerchtoldKK96,280352,0
journals/vldb/AbadiCCCCLSTZ03,950485,1
journals/tods/FegarasM00,320249,0
journals/vldb/PapadiasS94,615209,1
journals/vldb/SinghalS97,210198,0
conf/sigmod/DasGR03,872826,0
conf/vldb/Gupta96,673324,1
journals/sigmod/Gallagher94,309849,0
journals/sigmod/Kosch02,507358,0
conf/vldb/Madnick95,671358,0
journals/tods/GoldmanL94,195666,1
journals/sigmod/Barbara01,604266,1
conf/sigmod/Chamberlin03,872877,1
conf/vldb/RezendeH98,276338,0
conf/sigmod/Miller98,276322,1
conf/sigmod/LeeKC99,304200,1
conf/sigmod/RaoR98,276309,1
conf/sigmod/RafieiM97,276378,0
conf/sigmod/BlottRS96,233348,1
conf/sigmod/GibbsBT94,335495,0
journals/sigmod/RossCGLLM01,604262,1
conf/sigmod/Adelberg98,276330,1
conf/sigmod/WynblattN01,375737,1
conf/sigmod/McIverK94,223903,0
conf/sigmod/McIverK94,564783,0
conf/vldb/CareyK98,671166,1
journals/sigmod/StolfoLCFE01,369277,0
journals/sigmod/TaninBS96,309852,0
journals/tods/MehrotraRKS98,232628,0
conf/vldb/EleftheriouBCDHLPPABDDDGJHLRSVW03,191963,0
journals/sigmod/Bussler02,640998,0
conf/sigmod/AgrawalGGR98,304213,0
journals/sigmod/Konig-RiesMMPPRSVW02,565134,1
conf/sigmod/ChangBCLLS00,335433,1
conf/vldb/Korth95,615213,0
conf/vldb/ReuterCGSW95,673318,1
conf/vldb/Norvag99,758374,0
journals/vldb/SwamiS95,615239,1
journals/sigmod/Bhashyam96,381860,0
conf/vldb/Dasgupta96,765755,0
conf/vldb/LiPHCAAT03,564694,0
journals/sigmod/Alonso94,271082,0
journals/tods/LiuM96,641274,0
conf/vldb/PedersenJD99,671491,1
conf/sigmod/Gal00,276372,0
journals/sigmod/Manola98,273267,1
conf/sigmod/Kulkarni94,187462,0
conf/sigmod/BlohsfeldKS99,276343,0
journals/tods/LiuHD98,277628,1
journals/sigmod/Han98,673310,0
journals/tods/PolyzoisG94,234893,0
conf/vldb/AlsabtiRS97,672209,0
journals/sigmod/BollKB98,306119,1
conf/vldb/ShivakumarGC98,671179,1
conf/vldb/JagadishKNS99,671501,1
conf/sigmod/Bernstein96,233321,0
conf/sigmod/JaedickeM98,191911,0
conf/vldb/Guting94,672970,0
conf/sigmod/BarclaySG00,335424,1
journals/sigmod/Franklin97b,212008,0
conf/vldb/WangYM97,758369,1
conf/vldb/LaneEN00,280350,0
conf/sigmod/CatarciS94,191976,1
conf/sigmod/GibbonsM98,276334,1
conf/sigmod/GorelikWD94,191932,1
conf/vldb/Team00,233355,0
conf/sigmod/IoannidisL94,191870,1
conf/vldb/WiesnerK01,375709,0
journals/tods/WijesekeraJPH03,959064,0
journals/sigmod/LenzeriniNNS01,564761,0
conf/vldb/ChoenniV00,872759,0
journals/sigmod/Naughton00,776997,0
conf/vldb/BridgeJKLLM97,671011,1
journals/sigmod/SalgadoE03,959086,0
journals/tods/TariSS97,381895,0
journals/sigmod/Palpanas00,765223,0
journals/sigmod/KuoM96,381873,1
conf/sigmod/AnkerstBKS99,304187,1
journals/sigmod/HuangKL02,872817,0
conf/vldb/MendelzonV00,672006,1
journals/sigmod/Loeffen94,187460,0
journals/sigmod/Seligman97,245888,0
conf/vldb/VassalosP97,673321,0
conf/sigmod/BreunigKNS00,335388,1
journals/vldb/RamamurthyDS03,950483,1
journals/sigmod/ConradHHKRSS99,333608,1
conf/sigmod/Stonebraker98,276348,1
conf/sigmod/FlokstraKS94,191951,1
journals/tods/TendickM94,174641,1
conf/vldb/MarianS03,223814,0
journals/sigmod/StolfoLCFE01,604267,1
conf/sigmod/VitterW99,304212,0
conf/sigmod/BabcockBDM03,872789,1
journals/tods/LeveneL99,333616,0
conf/vldb/ManolescuFK01,672368,1
conf/sigmod/DoRD99,304250,1
journals/tods/ScioreSR94,176570,1
conf/vldb/SevcikK96,375767,0
journals/sigmod/ShinM94,190642,0
conf/vldb/Taylor00,764217,0
journals/tods/LakshmananSS01,383735,0
conf/sigmod/BaumannDFRW98,276386,1
journals/sigmod/Snodgrass03,187455,0
conf/vldb/SistlaYLL95,673146,1
conf/vldb/JagadishNSSK97,671013,1
conf/sigmod/GaoW02,564761,0
journals/sigmod/DarwenD95,615238,0
journals/sigmod/PourabbasR02,603886,0
conf/sigmod/FreireHRRS02,191924,0
conf/vldb/Sarawagi00,672203,0
journals/sigmod/David03,640996,1
journals/sigmod/LudascherMM01,603885,0
journals/sigmod/Qian96,306115,0
journals/sigmod/Labrinidis01,290605,0
conf/sigmod/TheobaldW02,375752,0
conf/sigmod/GibbsBT94,253266,0
conf/sigmod/ReveszCKLLW00,336590,1
journals/vldb/HansonCDERTX98,765521,1
conf/vldb/PottingerL00,671692,1
conf/sigmod/BunemanM95,615222,0
journals/sigmod/Alonso94b,333613,0
conf/sigmod/WhiteD94,191919,1
conf/sigmod/JohnsonD03,872875,1
conf/sigmod/IlyasRLGL03,872803,1
conf/sigmod/BergstraesserBPS99,304248,1
conf/sigmod/SchusterW01,375728,1
conf/vldb/MohanBWSZ00,336562,0
conf/vldb/RiedelGF98,764204,0
conf/sigmod/Galindo-LegariaJ01,565138,0
conf/vldb/WiesnerK01,767148,0
conf/vldb/RoussopoulosK98,306141,0
journals/sigmod/SommerGB02,507364,0
journals/sigmod/MeltonMJKSZ01,375731,0
conf/sigmod/GoelI96,233318,1
journals/tods/TaoP03,777944,1
journals/sigmod/Badia02,637425,1
conf/sigmod/BohmA96,637419,0
journals/sigmod/Snodgrass03c,271093,0
conf/sigmod/GotoK03,369284,0
conf/sigmod/GraySEBW94,191886,1
conf/sigmod/AdelbergD99,304576,1
conf/vldb/JoshiBLL98,671184,1
conf/sigmod/PalmerF00,335384,1
conf/sigmod/RossSS96,233361,1
journals/sigmod/DogacAOD95,202662,1
conf/vldb/Gupta96,765751,0
journals/sigmod/Jagadish00,245885,0
conf/sigmod/JohnsonD03,765547,0
conf/vldb/GingrasL98,671161,1
journals/vldb/MuthOPW00,764216,1
conf/sigmod/NgLHP98,276307,1
conf/sigmod/FernandezS96,223858,0
journals/sigmod/Aberer03c,601866,0
conf/vldb/HammelP02,331984,0
journals/sigmod/Snodgrass97,248616,0
conf/vldb/BerckenS01,672197,1
conf/vldb/GolabO03,671024,0
journals/sigmod/ForteHWDCVHFS99,309870,1
journals/vldb/MedjahedBBNE03,775457,1
conf/sigmod/WangZS95,202661,0
journals/sigmod/Liu02c,959062,0
journals/sigmod/MillerHHYHFP01,373713,1
journals/sigmod/LawderK01,373678,1
conf/vldb/DyresonBJ99,758373,0
journals/sigmod/HadzilacosT97,273254,0
conf/vldb/Koch03,564711,0
journals/sigmod/KuanL99,310065,1
conf/sigmod/LivnyRBCDLMW97a,253379,1
conf/sigmod/Mohan94,191990,1
conf/vldb/NieKH03,223812,0
conf/sigmod/ChaudhuriD97,671345,0
journals/sigmod/AilamakiFFSV03,603874,0
conf/sigmod/Hidber99,310075,0
conf/sigmod/AdaliBSS98,276340,1
conf/vldb/ZhouLZLZJT01,672206,1
journals/sigmod/ElmagarmidJF95,601876,0
journals/sigmod/Hoffner03,248611,0
journals/sigmod/BarbaraS97,373684,0
conf/vldb/Brin95,673006,1
journals/sigmod/FreemanG96,641005,0
journals/sigmod/ChenHKPW94,190646,1
conf/sigmod/KiepuszewskiMO98,276372,0
journals/sigmod/TheodoridisN00,362104,1
conf/sigmod/CrescenziMM02,344815,0
journals/sigmod/RossGR03,507349,0
journals/sigmod/Qian96b,181554,0
conf/sigmod/AtzeniT97,223882,0
conf/sigmod/DarR94,223884,0
conf/vldb/LuOT94,672832,1
conf/vldb/GehaniJR94,673485,0
journals/sigmod/GottlobKP03,640992,1
journals/sigmod/Palpanas00,671863,0
journals/sigmod/UrbanDG96,381892,1
conf/sigmod/KriegelMPS01,375779,0
journals/sigmod/Vianu03,945729,0
conf/sigmod/AgrawalW00,335423,1
conf/sigmod/StoltePAG03,276371,0
journals/tods/HsuSY01,383737,1
journals/sigmod/Alonso95a,181565,0
conf/sigmod/AcharyaGPR99,304581,1
journals/sigmod/Franklin98b,601872,0
journals/tods/ChakrabartiKMP02,568520,1
journals/sigmod/QuixSJ02,507348,1
journals/sigmod/Elderini02,190633,0
journals/sigmod/VetterliVS00,362138,1
journals/sigmod/Colliat96,306102,0
journals/sigmod/FrankGGJKLMNPSSSTW99,333609,1
conf/vldb/IwerksSS03,233327,0
conf/vldb/TsatalosSI94,775457,0
conf/sigmod/PeiMHZ00,564753,0
conf/vldb/VriesDBA99,615228,0
conf/vldb/SindoniTABFGMPPT01,672039,1
journals/vldb/MehtaD97,277954,0
journals/sigmod/Mendelzon98,945738,0
conf/sigmod/CranorJSS03,872838,1
conf/vldb/HaasB03,671201,0
conf/sigmod/Bernstein96,280348,1
conf/sigmod/HernandezS95,672836,0
journals/vldb/BalkirO98,765542,1
journals/sigmod/LightstoneLZ02,601873,1
journals/sigmod/Stacey95,219774,1
conf/vldb/LevyMS94,672839,1
journals/tods/CiacciaP02,507367,0
journals/tods/FormicaGM98,293152,1
conf/sigmod/CookKWZ96,233354,1
journals/sigmod/SegevJS95,223898,0
journals/sigmod/Anisimov03,615234,0
journals/sigmod/Palpanas00,212008,0
conf/sigmod/2003,872833,0
conf/sigmod/BabcockBDM03,375742,0
journals/sigmod/HummerLW02,181552,0
journals/sigmod/Lee95,248610,0
journals/vldb/BraumandlKKKKSS01,767137,1
conf/sigmod/FernandezS96,280347,1
conf/sigmod/Hellerstein00,604285,0
journals/vldb/StonebrakerALPSSSY96,765754,1
conf/vldb/LabioG96,223869,0
conf/sigmod/FlorescuLMS99,223862,0
conf/sigmod/Mamoulis03,872778,1
conf/sigmod/LoR94,191881,1
journals/sigmod/PuSW01,273254,0
journals/sigmod/RosenthalHRS97,248612,1
conf/sigmod/Gal00,191941,0
conf/vldb/GardarinGT95,673169,1
journals/sigmod/Klein94,306112,0
conf/sigmod/Squire95,672837,0
journals/sigmod/LenzeriniNNS01,959066,0
conf/vldb/KraissW97,765542,0
conf/vldb/May01,672041,0
journals/vldb/PoulovassilisS96,765691,1
journals/sigmod/GruenwaldBDGSSV99,333616,1
conf/sigmod/ClossmanSHKPB98,276352,1
conf/sigmod/LeeWMS01,375709,1
conf/sigmod/FernandezMS01,375674,1
conf/vldb/StanoiRAA01,672207,1
conf/vldb/Koch03,191891,0
conf/sigmod/JagadishJOT01,375687,1
conf/sigmod/ChoALS03,872859,1
conf/vldb/Levy96,673332,1
journals/sigmod/SchlageterBHMSW95,202672,1
conf/sigmod/RoussopoulosKR97,276364,0
journals/sigmod/Franklin97a,507361,0
conf/sigmod/JonssonFS98,276316,1
conf/sigmod/Rodriguez-Martinez00,375729,0
conf/sigmod/WoelkBJOTU95,223867,1
journals/sigmod/GamacheS95,381895,0
journals/vldb/JagadishACLNPPSWWY02,764201,1
conf/vldb/BohannonFHRRS02,564771,0
conf/sigmod/Hellerstein00,335473,1
journals/sigmod/Snodgrass99b,211994,0
journals/vldb/IoannidisNSS97,765552,1
conf/vldb/Deshpande00,671866,1
conf/vldb/MaedaT01,672378,1
journals/sigmod/Anonymous96,271077,0
journals/vldb/KashyapS96,765855,1
journals/sigmod/Ozsoyoglu00,310061,0
conf/vldb/Kotidis01,672183,1
conf/vldb/Vaskevitch95,673654,0
conf/sigmod/Cohen98,276323,1
journals/sigmod/GolabO03,640991,0
conf/vldb/SheikholeslamiCZ98,671342,1
conf/vldb/BouganimP02,767096,0
conf/vldb/GarofalakisG02,767097,0
journals/sigmod/MeltonE01,604280,1
journals/sigmod/Geller02,959078,0
conf/sigmod/KanthAS98,276320,1
conf/sigmod/DoanDH01,276361,0
conf/vldb/BridgeJKLLM97,765545,0
conf/sigmod/DreyerDS95,223902,1
conf/sigmod/Edelstein95,223868,1
conf/sigmod/NgWY01,375666,1
conf/sigmod/WolfsonSXZC99,304572,1
conf/sigmod/Chakrabarti99,304231,1
conf/sigmod/GuhaRS98,276312,1
journals/sigmod/BertinoEH03,640995,1
journals/vldb/ChuIT94,615208,1
conf/vldb/ImielinskiB02,673303,0
journals/sigmod/Qian96,381901,1
conf/sigmod/Melling94,191948,1
conf/sigmod/Team02,564761,1
conf/sigmod/QunLO03,872776,1
conf/sigmod/CandanLLHA01,375736,1
conf/sigmod/ZhangMCMR02,507366,0
journals/tods/ZaharioudakisCF97,278249,1
conf/vldb/ArunJ98,758370,1
journals/sigmod/Kemper02,309883,0
journals/sigmod/Fagin02,565143,1
conf/vldb/GoldmanSVG98,671346,1
conf/vldb/LakshmananJN00,767097,0
conf/sigmod/Nori00,335474,1
conf/sigmod/SeshadriP97,253408,1
conf/vldb/Huyn97,765550,0
conf/vldb/NgH94,672827,1
journals/sigmod/MedeirosP94,190638,0
journals/sigmod/MusickC99,776993,0
conf/vldb/Raghavan96,673463,1
conf/vldb/MadhavanH03,945732,0
journals/sigmod/BarclayBGS94,601874,0
conf/vldb/IyerW94,672970,1
journals/sigmod/EisenbergM98,306133,0
conf/sigmod/SengarH03,872867,1
conf/sigmod/MeccaAMMS98,276375,1
journals/sigmod/BaaderJN97,187455,0
conf/sigmod/PengC03,565135,0
conf/vldb/ChenCFGJMTW99,671496,1
journals/sigmod/Hammer02,176573,0
journals/sigmod/BernsteinBCDFGGHHJLMNPSU98,306137,1
conf/sigmod/DavulcuFKR99,304225,1
conf/sigmod/ChenGK01,375692,1
journals/sigmod/ArpinarD00,362098,1
conf/sigmod/KeoghCMP01,375680,1
conf/vldb/YagoubFIV00,672020,1
journals/sigmod/Qian94,381893,0
journals/sigmod/X95a,202661,0
journals/sigmod/Datta94,187442,1
conf/sigmod/KrishnanVI96,233341,1
journals/sigmod/DadamK97,190644,0
journals/sigmod/KuanL99,565137,0
conf/vldb/TianD03,765518,0
journals/vldb/AgrawalHK03,872772,0
conf/sigmod/KotidisR98,276334,0
journals/sigmod/FrewD97,233320,0
conf/vldb/GuntzerBK00,671875,1
conf/sigmod/GuptaMR95,223817,1
journals/sigmod/ACT-NET96,564709,0
journals/sigmod/PapazoglouH99,507356,0
journals/vldb/MaratheS02,507364,0
conf/vldb/BassiliadesV95,673137,1
journals/sigmod/Bussler02,507351,1
conf/sigmod/Suciu99,671358,0
conf/sigmod/WangSCRZP97,253406,1
journals/sigmod/Liu01b,604284,0
conf/sigmod/HuangSW94,565121,0
conf/vldb/MargaritisFT01,604270,0
journals/sigmod/Etzion99,767154,0
journals/sigmod/ACT-NET96,202661,0
conf/vldb/HelalL00,352983,0
conf/sigmod/NgLHM99,304575,1
conf/vldb/KonigW99,671668,1
conf/sigmod/PengC03,872820,0
conf/vldb/GaoS03,223798,0
conf/sigmod/BarclaySG00,276350,0
journals/sigmod/KimballS95,202661,0
conf/vldb/CotterB00,672015,1
conf/sigmod/GravanoGT94,191869,1
conf/sigmod/Kennamer98,245887,0
conf/vldb/Dasgupta96,756664,1
conf/vldb/SrinivasanDFCJYKTDB00,672004,1
conf/vldb/Sarawagi99,671500,1
journals/sigmod/FreemanG96,602302,0
conf/vldb/KraissW97,673664,1
journals/sigmod/Lomet01,603878,1
journals/vldb/Navarro02,767095,1
journals/tods/AndriesCPB01,383735,1
journals/vldb/BenzakenD95,615229,1
conf/vldb/Sacks-Davis96,673486,1
conf/sigmod/LehnerSPC00,564711,0
conf/sigmod/AggarwalWY99,564792,0
conf/sigmod/WuAA01,375724,1
conf/sigmod/WodtkeWWDM97,253411,1
conf/vldb/Wadler01,950491,0
conf/sigmod/IvesFFLW99,304209,1
conf/vldb/PirotteZMY94,672997,1
conf/sigmod/Mohan96,223845,0
journals/sigmod/Jhingran00,369287,1
journals/sigmod/Vianu03,959064,0
conf/sigmod/RundensteinerKZWLLN99,304574,1
journals/sigmod/Camps02,333611,0
conf/sigmod/RamaswamyRS00,335437,1
journals/tods/LakshmananLRS97,191901,0
journals/sigmod/GroskyFS94,190644,1
conf/sigmod/MotakisZ97,253359,1
journals/vldb/C95b,615225,1
conf/sigmod/Mamoulis03,872822,0
journals/sigmod/KantM00,271080,0
conf/sigmod/Suciu99,671529,0
journals/vldb/NanopoulosM02,767130,1
journals/sigmod/SantucciT96,245898,1
conf/sigmod/JagatheesanR03,672180,0
conf/sigmod/Weininger02,253332,0
conf/vldb/SeligmanBNSW95,278249,0
conf/sigmod/Kennamer98,276373,1
conf/sigmod/LabrinidisR00,335430,1
journals/sigmod/CabreraLM01,271089,0
conf/sigmod/JaedickeM98,375739,0
conf/sigmod/GodfreySE98,276339,1
journals/sigmod/Huyn01,212024,0
journals/sigmod/BohmR94,190635,1
conf/vldb/DoDJJR98,765751,0
conf/sigmod/BenediktCFFR03,872792,1
conf/sigmod/Carey94,191936,0
journals/sigmod/DadamK97,271096,1
conf/sigmod/NazeriBO01,375743,1
conf/vldb/AcharyaGP99,671347,1
conf/vldb/GuPS00,756647,1
conf/vldb/ShanmugasundaramSBCLPR00,276354,0
journals/sigmod/ChrysanthisSZ03,564694,0
conf/sigmod/LuoEHN02,564721,1
conf/sigmod/GeorgeH97,253362,1
journals/sigmod/Anonymous96,381900,1
conf/vldb/BrownMCL94,673005,1
conf/vldb/EicklerKK97,673666,1
conf/sigmod/Dietterich94,672963,0
journals/sigmod/BarbaraCJW01,373708,0
conf/sigmod/ChangG99,304212,1
conf/vldb/MoserKK95,191988,0
journals/tods/LakshmananLN03,959075,0
conf/vldb/Malaika96,673630,1
conf/sigmod/Dietterich94,276348,0
journals/sigmod/Zhang95,310061,0
conf/vldb/Sarawagi02,564755,0
conf/vldb/BasuFP00,671865,1
journals/sigmod/Critchlow01,373699,1
journals/sigmod/CaleroPR03,565118,0
conf/vldb/FerrandinaMZFM95,278247,0
conf/sigmod/SismanisDRK02,564745,1
journals/sigmod/Hammer02,872790,0
journals/sigmod/Gardels97,248610,1
conf/vldb/Sterling98,765525,0
conf/sigmod/Sarawagi00,375731,0
conf/vldb/MohaniaS94,672987,1
conf/sigmod/HanKK97,253330,1
conf/vldb/DeckerK03,253304,0
journals/sigmod/BaaderJN97,603882,0
conf/vldb/AgrawalS94,672836,1
journals/sigmod/Snodgrass03c,959062,1
conf/sigmod/FernandezS96,564788,0
journals/sigmod/ErdurD02,507349,1
journals/tods/ZobelMR98,277632,1
journals/sigmod/LenzVJS03,959083,1
conf/sigmod/PengC03,872871,0
journals/sigmod/Alonso95a,945740,0
conf/vldb/Pound99,671490,1
journals/sigmod/Hammer02,671202,0
conf/sigmod/Gibson95,223884,1
journals/sigmod/Etzion99,304232,0
journals/vldb/KamelWS94,615188,1
journals/sigmod/PuSW01,373680,1
conf/sigmod/ZaharioudakisC97,253269,1
journals/vldb/Sciore94,673311,0
conf/sigmod/ShivakumarG97,253349,1
conf/vldb/LakshmananSS99,671511,1
journals/sigmod/LohmanGFS01,604271,0
conf/sigmod/Dietterich94,280354,0
journals/sigmod/BichlerSZ98,306102,1
journals/sigmod/Qian97,248618,1
journals/sigmod/AtkinsonDJPS96,245905,1
conf/vldb/EsterKSWX98,671201,1
conf/sigmod/RaoBG96,248611,0
conf/sigmod/DasuJMS02,564719,1
conf/sigmod/BohannonDGKLNS03,872863,1
conf/sigmod/McIverK94,191898,0
conf/sigmod/LarsonG03,872848,1
conf/sigmod/BerensonBGMOO95,304582,0
conf/sigmod/CranorGJSS02,564777,1
conf/vldb/Atal96,673322,1
journals/tods/SchuldtABS02,507236,1
journals/sigmod/Widom96a,202664,0
conf/vldb/ShaferAM96,276309,0
journals/vldb/SheikholeslamiCZ00,758374,0
conf/vldb/GalanisWJD03,767134,0
journals/tods/LiuDL02,507237,1
conf/vldb/GoldmanW97,671008,1
conf/sigmod/Sarawagi00,310063,0
journals/sigmod/Roussopoulos98,273253,1
journals/vldb/TanGO00,765240,1
conf/sigmod/Cohen98,276337,0
conf/vldb/LakshmananJN00,765805,0
conf/sigmod/FaloutsosL95,223812,1
journals/sigmod/MattosD94,673498,0
conf/vldb/Ladin00,671856,1
journals/sigmod/LeeC00,362140,1
journals/sigmod/SchmidtWKFCMB01,603872,1
conf/sigmod/AcharyaFZ97,280347,0
conf/vldb/SkubiszewskiV97,673640,1
conf/sigmod/VitterW99,276309,0
conf/sigmod/GebhardtJJ97,253344,1
conf/sigmod/TomasicGS94,191896,1
journals/sigmod/SlivinskasJS02,637435,0
conf/vldb/Shenker03,765806,0
conf/sigmod/RaoZML02,564757,1
journals/sigmod/Widom94,187457,1
journals/tods/LiC01,202110,0
journals/sigmod/AbelTK97,248605,1
conf/sigmod/KemperKM98,276351,1
conf/vldb/BouguettayaEMO01,672201,1
journals/sigmod/Wedekind94,190628,1
journals/sigmod/GerlaX03,640995,0
journals/tods/WolfsonJH97,249982,1
journals/sigmod/RisheSBDOALOSS95,212019,1
conf/sigmod/LiCHH97,253384,1
conf/vldb/AgrawalSX01,375769,0
conf/vldb/ChanI99,671365,1
conf/sigmod/KotidisR99,765511,0
conf/sigmod/KornM00,872867,0
conf/vldb/TriantafillouP97,615219,0
journals/sigmod/RoddickABDEGHLMMMW00,344789,1
journals/sigmod/BurtonM98,273254,1
journals/sigmod/Winslett03a,248606,0
conf/sigmod/ShahC01,872857,0
journals/sigmod/WangD03,959079,1
conf/vldb/ColletCS94,671341,0
conf/sigmod/GuhaJKSY02,673641,0
conf/vldb/Objectivity98,758372,1
conf/sigmod/DeshpandeNGS03,872818,1
conf/sigmod/AchyutuniON96,233326,1
conf/sigmod/ZhaoDN97,253288,1
conf/vldb/KraissW97,671696,0
conf/sigmod/ReveszCKLLW00,764216,0
conf/sigmod/PapakonstantinouV99,375777,0
journals/sigmod/Hammer01,273249,0
conf/vldb/George98,775454,0
journals/sigmod/Bohlen95,219758,1
conf/vldb/MuntzR94,673298,0
conf/vldb/LuL00,671686,1
journals/sigmod/GatziuJSV99,335432,0
conf/vldb/GuptaHQ95,673150,1
conf/sigmod/ProcopiucJAM02,564739,1
journals/sigmod/BrunieK96,234895,1
conf/vldb/LiPHCAAT03,673304,0
journals/sigmod/AdelbergKG96,187462,0
conf/vldb/Shaw98,304248,0
journals/sigmod/BusslerFM02,945738,0
conf/sigmod/Larson01,304590,0
journals/sigmod/BuchnerM98,306124,1
conf/sigmod/DuSD95,223846,1
conf/sigmod/Dietterich94,223889,0
journals/sigmod/Franklin97a,211999,0
journals/tods/KossmannFDA00,377677,1
journals/sigmod/LeeCL95,637417,0
journals/tods/BaekgaardM95,210198,1
conf/vldb/SeshadriLR97,672995,0
conf/vldb/HvasshovdTBH95,673136,1
conf/sigmod/GoelI96,276372,0
conf/sigmod/YerneniLGU99,304221,1
journals/sigmod/EisenbergM99a,344864,1
journals/sigmod/Snodgrass97,362136,0
journals/sigmod/CaleroPR03,776992,1
journals/sigmod/HasanFV96,959087,0
conf/vldb/SevcikK96,673466,1
journals/tods/GutingBEJLSV00,352963,1
journals/sigmod/EnglertGH95,280347,0
conf/sigmod/Gray95,505055,0
journals/vldb/KrivokapicKG99,765510,1
journals/sigmod/NobleS95,219751,0
conf/sigmod/BarbosaMKL02,564769,1
conf/vldb/Moerkotte98,767154,0
journals/tods/Keen97,244811,1
conf/vldb/BouganimP02,765550,0
journals/sigmod/Hainaut03,959087,1
conf/vldb/Kleewein96,673472,1
journals/sigmod/NadoH97,271083,1
journals/sigmod/WinslettCDHZZ02,601881,1
conf/sigmod/ZuzartePMCLW03,872840,1
conf/vldb/Sacks-Davis96,227605,0
conf/vldb/Levy96,672839,0
conf/vldb/BargaP95,223796,0
conf/vldb/Lesk94,672830,1
conf/sigmod/Mohan96,564725,0
conf/sigmod/BohlenBD99,304585,1
conf/sigmod/HarinarayanRU96,233333,1
journals/tods/ChenHM95,507237,0
conf/sigmod/Wu99,304202,1
journals/sigmod/Fankhauser01,603870,1
conf/sigmod/BouguettayaBH99,304589,1
conf/sigmod/2002,223867,0
journals/sigmod/Naughton00,187445,0
conf/sigmod/KimC03,872829,1
conf/vldb/BrownCC94,672985,1
journals/sigmod/BernsteinHP00,872820,0
journals/sigmod/Bohlen95,673474,0
journals/vldb/DattaDVRN01,767140,1
journals/sigmod/Cardelli01,181552,0
journals/sigmod/Liu01,601859,0
journals/tods/SistlaWYS98,872806,0
journals/sigmod/Lomet98,290598,1
conf/sigmod/PhanN02,564783,1
conf/sigmod/ChenJDTW00,335432,1
conf/vldb/BerckenS01,502033,0
journals/sigmod/Rosenthal98,273270,1
conf/sigmod/QuassW97,253352,1
conf/sigmod/HillyerS96,233332,1
conf/vldb/CarneyCCCLSSTZ02,335469,0
journals/sigmod/EnglertGH95,219760,1
conf/vldb/MiloZ98,671326,1
conf/sigmod/Suciu99,304227,0
conf/sigmod/RajagopalanML98,276342,1
journals/sigmod/ChienTZ01,959082,0
journals/sigmod/DoanPK95,309883,0
conf/sigmod/KotidisR99,233364,0
conf/vldb/DoR02,637419,0
conf/sigmod/Jamil99,304192,1
journals/sigmod/EisenbergM98,637432,0
conf/sigmod/Brown99,344808,0
conf/sigmod/WhiteCF98,276355,1
journals/tods/IoannidisR95,185843,0
conf/sigmod/LabioZWGGW97,253405,1
journals/sigmod/BerraNT95,245893,0
conf/sigmod/BlohsfeldKS99,276375,0
journals/sigmod/Date03,507360,0
conf/vldb/AlsabtiRS97,671364,0
conf/sigmod/KaushikBNK02,564707,1
conf/sigmod/RinfretOO01,375669,1
conf/sigmod/LiS98,276374,1
journals/sigmod/EisenbergM98,601872,0
conf/vldb/Leymann01,757417,1
conf/sigmod/KornackerSH98,276384,1
conf/vldb/Madnick95,757417,0
journals/vldb/Antoshenkov97,765545,1
conf/vldb/Dayal99,765512,0
journals/tods/EiterGM97,261126,1
journals/sigmod/BunemanRU97,271087,0
conf/vldb/StohrR01,672208,1
journals/sigmod/Danish98,219772,0
conf/vldb/BertinoBFS96,280347,0
journals/sigmod/VassiliadisS99,565142,0
conf/sigmod/GangulyGR03,671851,0
conf/vldb/RiedelGF98,765522,0
conf/sigmod/WynblattN01,223871,0
conf/sigmod/CasatiS01,276358,0
journals/sigmod/Gardels97,271095,0
journals/sigmod/ShethGJRSWW96,245903,1
journals/vldb/NgS98,765539,1
conf/sigmod/BarclaySG00,671162,0
journals/sigmod/KuanL99,673502,0
conf/vldb/MuthOPW98,304236,0
conf/vldb/Kiessling02,328943,0
journals/sigmod/LabrinidisR00,344794,1
conf/sigmod/PolyzotisG02,945739,0
conf/sigmod/Mohan99,304230,1
journals/sigmod/GatziuJSV99,233368,0
conf/sigmod/FernandezFKLS97,253403,1
conf/vldb/GehaniJR94,672971,1
conf/sigmod/Kramer97,672360,0
journals/vldb/Baumann94,280352,0
conf/sigmod/Galhardas00,336568,1
conf/sigmod/ZhuSZ03,872866,1
journals/sigmod/SnodgrassACFLLORRSV99,603878,0
journals/sigmod/ShethMKA01,604262,0
journals/sigmod/SmithO99,309878,1
conf/sigmod/IoannidisLANT97,304246,0
journals/sigmod/Franklin98b,601865,0
conf/sigmod/RamaswamyK95,223809,1
journals/tods/Ng01,502033,1
journals/tods/SrivastavaSRN95,671017,0
conf/vldb/BrightR02,564770,0
conf/vldb/OzsuVU98,671024,1
journals/tods/LakshmananLRS97,261131,1
conf/vldb/PappasC00,233334,0
conf/vldb/JohnsonA00,671874,1
conf/sigmod/ChaudhuriMN99,671359,0
conf/sigmod/Kulkarni94,191935,1
journals/sigmod/Fagin02,507342,0
conf/sigmod/Cohen98,280349,0
journals/tods/AndriesCPB01,604277,0
journals/sigmod/Lee95,212008,1
conf/vldb/HuangJR97,670996,1
journals/sigmod/Hammer01,202668,0
journals/tods/Suciu02,331989,0
conf/sigmod/Mohan99,564722,0
journals/sigmod/NestorovAM97,271084,1
conf/sigmod/Dietterich94,671689,0
journals/sigmod/DarwenD95,202667,1
journals/vldb/CuiW03,775456,1
journals/sigmod/Scholl01,248610,0
conf/vldb/MengLYWCR98,671185,1
conf/vldb/FaloutsosJS97,673641,1
journals/sigmod/BerraNT95,377665,0
journals/tods/MelnikG03,762474,1
conf/sigmod/JoshiA01,375673,1
journals/sigmod/CabreraLM01,381890,0
journals/vldb/AmielBDS96,765692,1
conf/vldb/JermaineDO99,671517,1
conf/sigmod/FernandezFKLS98,564701,0
journals/sigmod/BarbaraBFLS94,507362,0
journals/sigmod/Cardelli01,672187,0
journals/sigmod/AdelbergKG96,381882,1
journals/sigmod/OrlandicLS02,565120,1
journals/sigmod/HadzilacosT97,271082,0
conf/vldb/RysNS96,673474,0
conf/sigmod/ChoG00,672025,0
conf/vldb/BeneventanoBCCGMMV00,672014,1
journals/sigmod/Hellerstein03,309883,0
journals/sigmod/BarbaraS97,641001,0
journals/sigmod/ShinM94,601859,0
journals/sigmod/Hammer02a,603868,0
journals/sigmod/RamamrithamSSTX96,603870,0
journals/tods/WolfsonJH97,278249,0
conf/sigmod/KriegelMPS01,375777,1
conf/vldb/GutierrezPST94,672976,1
conf/vldb/WangZL99,671360,1
journals/sigmod/Gunther97,271078,0
journals/sigmod/Aberer02a,507353,0
conf/vldb/Shaw98,245908,0
conf/vldb/Celis96,950490,0
journals/sigmod/Cruz00,959080,0
conf/vldb/ClaussenKMP97,673649,1
conf/vldb/RysNS96,381882,0
conf/sigmod/AbiteboulCM95,223870,0
journals/tods/DeySB99,331984,1
conf/vldb/Moni96,673335,1
conf/vldb/Johnson99,671327,0
conf/sigmod/HernandezMHYHT01,375767,1
conf/sigmod/AboulnagaC99,671508,0
journals/sigmod/SlivinskasJS02,776999,0
journals/sigmod/CruzKLSWY02,381890,0
conf/sigmod/FaginKS03,872795,1
journals/sigmod/HellersteinHM03,959065,1
journals/tods/Chen95a,211416,1
conf/sigmod/KrishnanVI96,233349,0
conf/sigmod/HristidisKP01,375690,1
conf/vldb/Galindo-LegariaPK94,672975,1
conf/sigmod/ButtlerLPP01,375762,1
journals/sigmod/DadamK97,959075,0
journals/tods/StoreyCDGS97,278246,1
conf/vldb/AlsabtiRS97,671024,0
journals/sigmod/AbererCH02,637419,1
journals/sigmod/NejdlSS03,219769,0
journals/sigmod/Rosneblatt94,290599,0
conf/sigmod/ChaudhuriMN98,276343,1
journals/sigmod/CasatiDS00,369276,1
conf/vldb/RamasamyPNK00,765546,0
journals/vldb/LeeSC01,765507,1
journals/sigmod/SegevJS95,765518,0
journals/tods/FranklinCL97,261125,1
conf/sigmod/HristidisKP01,503100,0
conf/sigmod/ChaudhuriGS03,276378,0
journals/sigmod/GrayG97,223899,0
conf/vldb/ChungCLL01,672347,1
conf/sigmod/BressanGOT00,336587,1
journals/sigmod/PourabbasR02,565121,1
journals/vldb/SheikholeslamiCZ00,764221,1
conf/sigmod/JarkeQBLMS99,304577,0
journals/sigmod/WuY00,564709,0
conf/vldb/Kiessling02,564738,0
conf/sigmod/RoussopoulosKR97,375765,0
journals/sigmod/X94,187454,1
journals/vldb/Ozsu03,762473,0
journals/sigmod/Liu03,344819,0
journals/vldb/MehtaD97,765547,1
conf/sigmod/FlorescuLMS99,253280,0
conf/sigmod/ChawatheG97,253266,1
conf/vldb/LabrinidisR01,276359,0
journals/sigmod/TanakaV01,507365,0
conf/sigmod/VingralekBW94,191889,1
journals/sigmod/KaradimitriouT97,248613,1
conf/vldb/Shenker03,959070,0
conf/sigmod/JarkeQBLMS99,304568,1
conf/sigmod/GoldsteinL01,375706,1
conf/sigmod/Atkinson95,276336,0
journals/sigmod/LinP96,507356,0
journals/sigmod/OrlandicLS02,276386,0
journals/sigmod/Ozsu02,640996,0
journals/sigmod/Yang94,245891,0
conf/vldb/Tygar98,671343,1
conf/vldb/DoDJJR98,671165,1
conf/sigmod/BrodskySCE99,304582,1
conf/vldb/CochinwalaB94,276369,0
conf/sigmod/QunLO03,673139,0
conf/vldb/Wadler01,672033,1
conf/vldb/LabrinidisR01,375771,0
conf/sigmod/SarawagiTA98,276335,1
journals/sigmod/Hammer00,945730,0
journals/tods/BeneventanoBS03,762472,1
conf/vldb/WangZL03,672176,0
conf/sigmod/RaoR00,335449,1
conf/vldb/LabioG96,673477,1
journals/sigmod/Suciu97,271077,1
conf/sigmod/MumickQM97,253277,1
conf/sigmod/PiatkoYLS96,280352,1
conf/sigmod/BlakeleyD00,670992,0
conf/vldb/Mohan96,673630,0
conf/vldb/AksoyZF01,758382,0
conf/vldb/VeltriCV01,672192,1
journals/sigmod/AilamakiG03,777004,1
journals/sigmod/Wu02,637426,1
journals/sigmod/ACT-NET96,219042,0
conf/vldb/SteinbrunnPMK95,673167,1
conf/vldb/KnorrN99,671529,1
conf/sigmod/Team99,304568,0
journals/tods/SistlaWYS98,277641,1
conf/vldb/LakshmananNWZJ02,764200,0
journals/sigmod/Domingo-FerrerH98,306129,1
conf/vldb/Hallmark95,765527,0
journals/sigmod/BerraNT95,357778,0
journals/tods/Wijsen99,310715,1
journals/sigmod/HummerLW02,234893,0
conf/sigmod/ZhouLP99,564726,0
journals/tods/Snodgrass01a,505055,1
journals/sigmod/Ozsu03,945730,0
conf/vldb/AgrawalCN00,671701,1
conf/vldb/HoelS94,672823,1
conf/sigmod/RoussopoulosKR97,564729,0
journals/tods/FernandezKSMT02,507360,0
journals/sigmod/Kumar03,290599,0
conf/sigmod/LiS98,276343,0
conf/sigmod/AtzeniT97,672037,0
conf/vldb/Ogawa96,673320,1
conf/vldb/DongHLPW01,672176,1
journals/vldb/BohmAnY97,765564,1
conf/vldb/Atal96,672009,0
journals/vldb/Li03,671170,0
conf/sigmod/LazaridisM01,375718,1
journals/sigmod/SnodgrassACFLLORRSV99,507369,0
journals/sigmod/Etzion99,336589,0
journals/tods/TaoPZ02,945731,0
journals/sigmod/GerlaX03,959073,1
journals/sigmod/GamacheS95,776997,0
journals/tods/Chen95,202110,1
conf/sigmod/Sarawagi00,872826,0
conf/sigmod/Weininger02,872807,0
conf/sigmod/MumickP94,223857,0
conf/vldb/BaulierBGJGKKMMNNRSS98,671175,1
conf/sigmod/VitterW99,872814,0
conf/sigmod/MelnikRB03,872782,1
journals/sigmod/PhatakSSS96,234903,0
conf/sigmod/RundensteinerCCSO00,335496,1
journals/tods/CasatiCPP99,244812,0
journals/sigmod/MeltonMJKSZ01,373709,1
conf/sigmod/Bosworth03,375798,0
conf/vldb/BraumandlCK98,671341,1
conf/sigmod/GriffinH97,253304,1
journals/sigmod/TanakaV01,273267,0
journals/sigmod/FininJ02,637416,1
journals/sigmod/Seshadri98,273251,1
conf/vldb/GyssensL97,673639,1
conf/sigmod/BunemanM95,223863,1
conf/vldb/Kornacker99,671358,1
conf/sigmod/Cohen98a,276380,1
conf/vldb/NgH94,670997,0
conf/sigmod/BettiniWBJ95,223874,0
journals/sigmod/NascimentoM99,310062,1
conf/vldb/RusinkiewiczKTWM95,615229,0
journals/tods/IoannidisR95,211419,1
journals/sigmod/Bussche00,362136,1
journals/sigmod/RosenthalSMBTL95,212020,1
journals/sigmod/BrunieK96,212011,0
conf/sigmod/KuhnTS94,191963,1
journals/sigmod/Mani03,187442,0
conf/sigmod/SzalayGKT00,335439,1
journals/sigmod/AbelTK97,262766,0
journals/sigmod/Winslett03,565122,0
conf/sigmod/LamCKNH01,375779,1
conf/sigmod/ReissK03,872795,0
journals/sigmod/Snodgrass97a,271094,0
conf/sigmod/OriaOILY00,336589,1
conf/vldb/SchieferKBLF98,671187,1
journals/sigmod/Aggarwal01,373638,1
conf/sigmod/BerensonBGMOO95,223785,1
journals/vldb/Baumann94,233362,0
conf/sigmod/WangTYGWP02,564774,1
journals/vldb/RamamrithamC96,765756,1
journals/sigmod/Dogac96,234900,1
journals/sigmod/OrlandicLS02,764214,0
conf/sigmod/WhiteD95,223844,0
conf/sigmod/HanFWCZK96,280356,1
conf/vldb/Hammond96,673473,1
conf/sigmod/DeolaseeKPRS01,375672,0
conf/sigmod/LiefkeS00,335405,1
conf/sigmod/ReissK03,233368,0
conf/sigmod/OzdenRSS96,233322,1
conf/vldb/Shaw98,671169,1
conf/vldb/CeriCW00,223886,0
conf/vldb/OConnellWG01,672185,1
conf/vldb/HelmerNM03,375752,0
journals/vldb/GrefenVA01,767153,1
conf/vldb/Jacobs97,673647,1
conf/sigmod/LibkinMW96,233335,1
journals/sigmod/MedeirosP94,637434,0
journals/sigmod/ZobelMR96,234891,1
journals/tods/Galindo-LegariaR97,640993,0
journals/vldb/AtzeniM00,765219,1
conf/sigmod/MattosM95,223881,1
conf/sigmod/HacigumusILM02,564717,1
conf/sigmod/Cabrera03,304233,0
conf/sigmod/KornMZ03,191848,0
journals/sigmod/AtzeniMM97,262763,0
conf/sigmod/BunemanDHS96,233368,1
conf/vldb/Sondag01,672359,1
conf/vldb/StolteA02,756664,0
journals/sigmod/Bestavros96,381860,1
conf/sigmod/WangPFY03,872774,1
conf/vldb/CareyK98,673485,0
conf/vldb/RosenthalS94,672044,0
conf/sigmod/OhHP00,375689,0
journals/sigmod/DAndreaJ96,234902,1
journals/sigmod/Etzion99,344820,1
journals/tods/KonopnickiS98,245900,0
conf/sigmod/OhHP00,672828,0
conf/sigmod/Cohen98a,253264,0
conf/sigmod/HinneburgKW02,223876,0
journals/sigmod/Liu01,637422,0
journals/tods/CasatiCPP99,304210,0
conf/sigmod/HammerGIPUW95,223896,1
conf/sigmod/AggarwalPWYP99,304188,1
conf/sigmod/LakshmananPZ03a,276368,0
conf/vldb/Gupta96,245908,0
conf/vldb/Schek00,615186,0
conf/vldb/Sterling98,767142,0
conf/vldb/ZengBNN01,672023,1
conf/sigmod/BilirisFOP96,280362,1
journals/sigmod/EisenbergM01,945738,0
journals/sigmod/BertinoEH01,373684,1
conf/vldb/SakuraiYUK00,671676,1
journals/sigmod/GlavitschSW94,190645,1
conf/sigmod/FlorescuLMS99,304214,0
journals/sigmod/HuangKL02,273249,0
journals/sigmod/BohmR94,390004,0
conf/vldb/YangG01,672193,1
journals/vldb/AtluriJY03,953239,1
journals/sigmod/DunhamH95,564703,0
conf/sigmod/ThaperGIK02,564741,1
journals/sigmod/Fong95,234890,0
journals/sigmod/Aberer03d,565124,0
conf/sigmod/WangPFY03,776997,0
conf/sigmod/AcharyaFZ97,375812,0
conf/vldb/LevySSZ94,672972,1
conf/sigmod/MumickP94,191860,1
journals/vldb/TempletonHMB95,615222,1
conf/sigmod/KimCK01,375679,1
conf/vldb/LiM01,673491,0
conf/sigmod/Ozsu99,233349,0
conf/vldb/Vaskevitch95,673310,1
journals/sigmod/RashidS00,776994,0
journals/sigmod/FrewD97,253274,0
journals/vldb/WangW01,765508,1
journals/sigmod/Goethals02,565132,1
conf/sigmod/ParkKKLPC98,276387,1
journals/sigmod/Roussopoulos98,234890,0
journals/sigmod/Halevy03,945724,1
conf/sigmod/BunemanDHS96,304233,0
journals/sigmod/PoessF00,640998,0
conf/sigmod/DeshpandeNGS03a,872856,1
conf/sigmod/CluetDSS98,671324,0
journals/sigmod/Snodgrass98c,202664,0
journals/sigmod/AlonsoCIM95,219742,1
conf/vldb/SevcikK96,671494,0
conf/sigmod/GrayHOS96,233330,1
conf/vldb/Mattos96,673467,1
conf/sigmod/CookWZ94,191913,1
journals/sigmod/MeltonMJKSZ01,672212,0
conf/sigmod/HernandezS95,253291,0
journals/sigmod/ChrysanthisSZ03,335412,0
conf/sigmod/LabioZWGGW97,253264,0
conf/sigmod/Cabrera03,959087,0
journals/vldb/TsatalosSI96,765690,1
conf/vldb/LudasaherGM00,671864,1
conf/sigmod/MissikoffT94,191958,1
conf/vldb/ChaudhuriS96,673461,1
conf/vldb/BratsbergH01,672348,1
conf/vldb/Hallmark95,764223,0
journals/sigmod/Snodgrass97a,202666,0
journals/sigmod/BerndtssonH96,950486,0
journals/sigmod/Scholl01,601869,0
journals/sigmod/GatziuKBF98,273255,1
journals/sigmod/PalpanasPKG03,959074,1
journals/tods/KonopnickiS98,277639,1
conf/sigmod/Brown99,375748,0
journals/sigmod/Etzion99,211427,0
conf/vldb/MurthyB03,344853,0
journals/sigmod/Snodgrass02b,564792,0
conf/vldb/Chiueh94,672825,1
journals/sigmod/Date03,959061,1
journals/sigmod/BoulosO99,333610,1
conf/vldb/CooperSFHS01,670993,0
conf/vldb/Hess96,765545,0
journals/sigmod/Aberer02,637418,0
conf/sigmod/RamanH02,564723,1
journals/sigmod/UrbanDG96,187457,0
conf/vldb/AlexandrovABBBCDFHJKKKLLMMMPNPPRRSSW02,601881,0
conf/vldb/LiCHH97,673668,1
conf/sigmod/ImielinskiVB94,764203,0
conf/sigmod/GoelI96,872803,0
journals/sigmod/KarlapalemLS95,202663,1
journals/vldb/RamamurthyDS03,872832,0
journals/tods/LiuM96,232622,1
journals/sigmod/Wiegand03,601869,0
journals/sigmod/GroskySF02,637420,1
conf/sigmod/CallanCD99,304224,1
journals/vldb/WhangKW94,615187,1
journals/tods/ChoG03,673153,0
conf/sigmod/BlakeleyD00,335376,0
conf/vldb/AltinelF00,671841,1
journals/vldb/MehtaD97,375729,0
journals/vldb/RamamohanaraoH94,615193,1
conf/sigmod/ChangC01,375776,1
conf/vldb/UrhanF01,672188,1
conf/sigmod/GuhaJKSY02,564725,1
conf/sigmod/Ullman03,958944,0
journals/sigmod/Huyn01,601878,0
journals/sigmod/Snodgrass03b,945723,1
journals/sigmod/SouzaS99,381900,0
journals/sigmod/CeriFP99,310064,1
journals/sigmod/GobleR02a,507363,0
conf/vldb/BestavrosB95,673131,1
conf/sigmod/ChenCPPSTM00,335466,1
conf/vldb/PardonA00,671860,1
journals/sigmod/Aberer02b,601865,1
conf/vldb/BernsteinD94,672992,1
journals/tods/Jagadish95,202113,1
journals/vldb/Baumann94,615207,1
conf/sigmod/AdiBEY01,375723,0
journals/sigmod/JajodiaBBKMSW97,271095,1
conf/sigmod/Golding95,223865,1
conf/vldb/NgY94,672828,1
journals/sigmod/RossIJP00,945726,0
journals/vldb/AilamakiDH02,276323,0
journals/sigmod/Ulusoy95,381899,0
journals/sigmod/Ulusoy95,604266,0
journals/sigmod/RamirezSP94,187458,1
journals/sigmod/JensenCEGHJ94,181560,1
conf/sigmod/ChristophidesCS00,335395,1
conf/sigmod/OlstonWACELSS98,219758,0
conf/sigmod/RoussopoulosKV95,219777,0
conf/sigmod/KotidisR99,276381,0
conf/sigmod/NestorovAM98,304228,0
conf/sigmod/FaloutsosL95,304217,0
journals/sigmod/HuangKL02,304250,0
conf/vldb/Graefe99,671528,1
journals/tods/OliverS94,288088,0
conf/sigmod/ChaudhuriMN99,304206,1
journals/sigmod/ChakravarthyAEFO03,641006,1
conf/sigmod/WaasG00,304569,0
conf/vldb/Jamil97,673648,1
conf/vldb/George98,673635,0
journals/tods/ChrysanthisR94,185843,1
journals/tods/LitwinN96,234893,0
journals/sigmod/RossHLW01,959086,0
journals/vldb/LometS97,765558,1
conf/sigmod/RundensteinerCLCZNJLW99,304579,1
journals/sigmod/LudwigG00,959082,0
conf/sigmod/Whelan98,276368,1
journals/sigmod/GatziuJSV99,344825,1
conf/vldb/EsterKSWX98,765511,0
journals/sigmod/Snodgrass94,187458,0
conf/vldb/LuoN01,672041,1
journals/sigmod/MeltonE02,637433,1
conf/vldb/YiF00,671689,1
conf/sigmod/JagadishKS00,335434,1
conf/vldb/Cuppens96,673637,1
journals/sigmod/MusickM98,637434,0
conf/vldb/SatheS01,672366,1
journals/sigmod/ShethM02,637430,1
conf/sigmod/Smith01,507366,0
journals/sigmod/Aberer03b,776994,1
journals/sigmod/EisenbergM02,565141,1
conf/sigmod/OConnellISWABCCLPWW96,233321,1
journals/sigmod/LiefkeS00,672019,0
conf/vldb/MedianoCD94,672840,1
conf/vldb/AcharyaFZ96,673323,1
conf/sigmod/SrikantA96,233311,1
journals/vldb/MylopoulosCPST96,765853,1
conf/vldb/Shenker03,672009,0
conf/sigmod/ArasuG03,872799,1
conf/sigmod/GillmannWW02,564718,1
conf/sigmod/Kleissner95,223875,1
journals/vldb/PeckhamMD95,671850,0
conf/sigmod/Freeston95,223796,1
conf/sigmod/ChenDLT00,336560,1
journals/sigmod/AnyanwuS02,507363,0
conf/sigmod/ZhangMCMR02,564767,1
journals/sigmod/DomenigD99,333615,1
journals/sigmod/Snodgrass03b,950483,0
journals/sigmod/DemersGRTY03,959070,1
conf/sigmod/GotoK03,375712,0
conf/sigmod/Brewer98,276372,1
conf/sigmod/HanPLJ01,375786,1
conf/vldb/PatonG01,757416,1
journals/sigmod/SegevJS95,219754,1
conf/vldb/BaulierBKS98,671167,1
conf/vldb/HageJPST03,671842,0
conf/sigmod/PengC03,375686,0
conf/vldb/BaralisPT97,671019,1
journals/tods/Revesz98,288088,1
journals/sigmod/Hainaut03,641002,0
conf/sigmod/PadmanabhanBMCH03,872835,1
journals/vldb/ChuaCL03,950492,1
conf/sigmod/Dyreson03,872779,1
journals/vldb/ShegalovGW01,767139,1
conf/sigmod/Mamoulis03,223874,0
conf/vldb/LiC94,672826,1
conf/vldb/Meier95,673301,1
journals/sigmod/GalianoM03,245885,0
journals/sigmod/ZobelMR96,245885,0
conf/sigmod/VriesMNK02,564784,0
conf/vldb/CarinoO98,671031,1
journals/sigmod/Gaffney96,202667,0
journals/sigmod/Stonebraker02,637426,0
conf/sigmod/ChungMS02,564706,1
journals/sigmod/Hoffner03,223860,0
journals/sigmod/ShahMFH01,219763,0
conf/sigmod/AgrawalCFGHIIMMSS94,304193,0
conf/vldb/FlorescuLSY99,304568,0
conf/sigmod/Cattell94,191937,1
conf/sigmod/Kramer97,507354,0
conf/vldb/PitouraC99,671504,1
conf/sigmod/PolyzotisG02,601864,0
journals/vldb/FahlR97,564770,0
conf/sigmod/MumickQM97,671701,0
conf/sigmod/Chong98,276370,1
conf/sigmod/ChoG00,335391,1
conf/sigmod/Hidber99,304195,1
journals/sigmod/Suciu02,271077,0
conf/sigmod/OlstonWACELSS98,276377,1
journals/sigmod/Dogac02,219777,0
conf/vldb/Sol01,672038,1
conf/sigmod/BarbaraI94,191846,0
journals/sigmod/LenzVJS03,262768,0
conf/vldb/ChoenniV00,615227,0
conf/vldb/MuthOPW98,671026,1
journals/sigmod/Qian94,187462,1
conf/sigmod/RundensteinerKZWLLN99,872861,0
conf/vldb/SrivastavaDJL96,673627,1
conf/vldb/SteenhagenABB94,672819,1
journals/sigmod/BoscMP01,373708,1
conf/sigmod/LehnerSPC00,335428,0
conf/sigmod/LometW98,375689,0
journals/sigmod/AndersonS94,190642,1
journals/sigmod/CampbellEM03,777002,1
journals/sigmod/BerraNT95,223789,0
conf/sigmod/PapakonstantinouV99,304222,1
conf/vldb/GarofalakisRS99,671514,1
journals/tods/TaoPZ02,581754,1
conf/vldb/McKennaBHT96,673476,1
conf/sigmod/SimmenSM96,233320,1
conf/sigmod/StonebrakerH01,375739,1
journals/vldb/RamanRH00,765239,1
conf/sigmod/ChoiC02,564742,1
conf/sigmod/Stonebraker03,564773,0
journals/sigmod/Snodgrass98,601876,0
conf/sigmod/ImielinskiV95,223885,1
conf/sigmod/Ojjeh99,304245,1
journals/sigmod/NorrieBSW94,641006,0
journals/sigmod/Cardelli01,604278,1
journals/sigmod/Aberer03b,273271,0
journals/sigmod/Bertram94,765231,0
conf/sigmod/Chamberlin03,234893,0
conf/sigmod/AtzeniT97,671841,0
journals/sigmod/Ozsu02a,507346,0
conf/sigmod/BersonGMJ94,191852,1
journals/vldb/MihailaRT02,767096,1
journals/sigmod/BabuW01,603884,1
conf/sigmod/BerensonBGMOO95,335439,0
journals/sigmod/PaepckeGRC00,344828,1
journals/tods/LakshmananLN03,958944,1
journals/sigmod/VelACM01,604272,1
conf/sigmod/Suciu99,304587,0
journals/sigmod/ChienTZ01,641001,0
journals/vldb/FungKL03,950490,1
journals/sigmod/GamacheS95,245908,0
conf/sigmod/FungSG02,564775,1
journals/sigmod/BorgidaCS98,290595,1
conf/sigmod/SinghTW94,191949,1
conf/sigmod/ChenZCKR01,375789,1
journals/sigmod/HadzilacosT97,262766,1
conf/vldb/X00a,758376,1
conf/vldb/Madnick95,671006,0
journals/sigmod/Hellerstein03,211994,0
journals/sigmod/Mackay99,309852,1
journals/sigmod/Hellerstein03,369278,0
conf/sigmod/HaasH01,375800,1
conf/sigmod/AtzeniT97,276351,0
journals/vldb/Atkinson00,765234,1
conf/sigmod/MinPC03,872775,1
conf/sigmod/NgLHP98,872768,0
conf/vldb/DingGS00,672013,1
journals/sigmod/Darwen96,234893,0
conf/sigmod/KalnisP01,375712,1
conf/sigmod/ChaudhuriN98a,276378,1
conf/vldb/GarofalakisI97,673321,0
journals/sigmod/Snodgrass02,309878,0
journals/tods/ChenHM95,758382,0
conf/vldb/AmielBDS94,672982,1
journals/sigmod/Snodgrass02a,245891,0
conf/sigmod/AgrawalASY97,253355,1
journals/sigmod/Gal99,945738,0
journals/tods/KotidisR01,211419,0
conf/sigmod/HellersteinW02,564794,0
conf/vldb/Raghavan96,190631,0
journals/sigmod/FowlerPNB99,637423,0
journals/tods/DiaoAFZF03,958947,1
journals/sigmod/MaximilienS02,202661,0
conf/vldb/SrinivasaK03,233331,0
conf/vldb/Selinger02,959080,0
conf/sigmod/Norrie95,223883,1
conf/vldb/ChangG97,671022,1
conf/sigmod/Maguire01,253272,0
conf/sigmod/ChenRW02,564771,1
journals/sigmod/Palpanas00,202671,0
journals/sigmod/BerraNT95,202670,1
conf/sigmod/Squire95,223869,1
journals/sigmod/Kosch02,381890,0
journals/sigmod/Winslett01a,604266,0
conf/sigmod/Aulakh98,276367,1
journals/sigmod/AshishK97,271078,1
conf/sigmod/ZhangNDLL01,604281,0
conf/sigmod/BlottRS96,381899,0
journals/sigmod/Roussopoulos98,959066,0
journals/sigmod/JukicNV03,637418,0
conf/sigmod/WangSSZZW00,335495,1
conf/vldb/PapadiasZMT03,581754,0
journals/vldb/RahmB01,767154,1
journals/sigmod/NascimentoM99,357778,0
journals/sigmod/CareyS99,603877,0
conf/vldb/Taylor00,335416,0
conf/vldb/MarronL01,672372,1
journals/sigmod/VelACM01,637419,0
journals/sigmod/Winslett03c,637429,0
conf/sigmod/AdelbergGW97,673652,0
conf/vldb/KornMZ03,672036,0
conf/vldb/FlorescuLS98,671168,1
journals/sigmod/OoiST03,945734,1
conf/vldb/Nori00,671698,1
journals/sigmod/KokkotosIPS95,212014,1
journals/sigmod/Scholl01,604275,1
journals/sigmod/SayginVC01,604271,1
conf/sigmod/HinneburgKW02,276353,0
conf/sigmod/CherniackZ96,233356,1
conf/sigmod/HwangLYMMGCSS94,191986,1
conf/sigmod/PapakonstantinouV99,872776,0
conf/sigmod/Kennamer98,223895,0
journals/sigmod/EisenbergM01,234896,0
journals/sigmod/ConradEHRSSSV97,271089,1
conf/vldb/ChaHKK01,672375,1
journals/sigmod/FowlerPNB99,310060,1
journals/vldb/DanYC95,615216,1
conf/sigmod/2003,310062,0
journals/vldb/BernsteinIR03,950482,1
conf/vldb/JaedickeM99,671515,1
conf/sigmod/FernandezS96,945736,0
journals/tods/CiacciaTZ96,232755,1
conf/vldb/IoannidisLGP96,673496,1
conf/sigmod/LarsonG98,304184,0
conf/sigmod/WynblattN01,673466,0
journals/tods/FraternaliT95,673132,0
conf/sigmod/ParkCY95,223813,1
conf/sigmod/SubramanianV98,276333,1
conf/vldb/FrohnLU94,672988,1
conf/sigmod/AndersonBKW98,276347,1
conf/sigmod/GarofalakisRRS99,333614,0
conf/sigmod/OoiTZGLLLNSWZ03,872845,1
conf/vldb/AbiteboulACEMM99,671664,1
journals/sigmod/Snodgrass99b,603883,0
journals/sigmod/RosenthalSMBTL95,304223,0
conf/sigmod/Tajima96,335468,0
conf/sigmod/GreenwaldK01,375670,1
conf/sigmod/BrinMUT97,945731,0
conf/vldb/PacittMS99,671521,1
journals/tods/HjaltasonS99,320255,1
journals/sigmod/NobleS95,507366,0
journals/sigmod/Hammer02a,601859,1
journals/sigmod/Hellerstein03,309897,0
conf/vldb/WeberSB98,671192,1
journals/sigmod/BabuW01,373680,0
conf/sigmod/RoussopoulosKR97,564733,0
journals/sigmod/Hellerstein03,601859,0
journals/sigmod/ChangASS98,273264,1
conf/vldb/RamanRH99,671663,1
journals/sigmod/Qian97,245890,0
conf/sigmod/AltinelABFSZ99,304571,1
journals/sigmod/BiancheriPP01,373631,1
conf/sigmod/DeshpandeRSN98,276328,1
conf/sigmod/HellersteinHW97,253291,1
conf/sigmod/DarEGP98,276391,1
conf/vldb/ZhangL97,671006,1
conf/vldb/GoldsteinR00,671849,1
conf/vldb/KemperK94,672977,1
conf/sigmod/Blakeley94,191989,1
journals/sigmod/UrbanDG96,187460,0
conf/vldb/AksoyZF01,672046,1
conf/sigmod/KornackerMH97,253272,1
journals/sigmod/AilamakiFFSV03,959069,1
conf/sigmod/NguyenACP01,276332,0
journals/vldb/MuckP97,950483,0
conf/vldb/ChawatheCY94,672822,1
journals/tods/Meo00,336564,0
journals/sigmod/NormanZT96,565119,0
journals/vldb/Baumann94,253402,0
journals/vldb/Bertino94,615202,1
journals/sigmod/CiliaB02,309886,0
journals/sigmod/Aberer03d,959078,1
journals/sigmod/OoiST03,671519,0
journals/sigmod/X94b,507360,0
conf/sigmod/AshleyFHLNP95,223888,1
conf/sigmod/Blakeley94,776997,0
journals/sigmod/Winslett94,181569,1
journals/sigmod/Ioannidis96,245890,1
journals/sigmod/ChristoffelPSL98,306133,1
conf/vldb/MeccaCM01,672370,1
conf/vldb/ChatziantoniouR97,671003,1
conf/vldb/Hess96,672988,0
journals/sigmod/Snodgrass00c,245896,0
journals/tods/FegarasM00,377676,1
journals/sigmod/Winslett01,872759,0
conf/vldb/ChakrabartiGRS00,671193,0
conf/sigmod/Gal00,335479,1
conf/sigmod/DattaDRTV01,375780,1
journals/sigmod/DAndreaJ96,604273,0
journals/vldb/RamakrishnanSSS94,615208,0
conf/sigmod/NguyenACP01,375723,1
conf/vldb/Spaccapietra94,672993,1
journals/sigmod/Kim94,181552,1
journals/sigmod/BestavrosLS96,234897,1
conf/vldb/AmbiteKKMST01,672186,1
conf/vldb/ChenRS95,673007,1
conf/sigmod/HullZ96,223796,0
journals/sigmod/PapianiWDN99,373631,0
conf/sigmod/CareyK97,253302,1
conf/vldb/WienerN94,672979,1
conf/sigmod/WilschutFA95,223803,1
journals/sigmod/MattosD94,190648,1
conf/sigmod/YanMHF01,375729,1
conf/vldb/HammelP02,564751,0
journals/sigmod/SellisV95,369284,0
conf/vldb/FlorescuLSY99,671493,1
conf/vldb/LaneEN00,767095,0
conf/sigmod/PossSKL02,564759,1
journals/sigmod/SilberschatzZ97,262768,1
conf/vldb/LifantsevC02,672210,0
conf/sigmod/LabioWGG00,335379,1
conf/sigmod/CrescenziMM02,604270,0
journals/sigmod/LiefkeS00,381895,0
journals/sigmod/Vassilakis00,344803,1
journals/sigmod/RossKMV02,344869,0
journals/sigmod/Snodgrass98a,190635,0
journals/sigmod/HasanFV96,776993,0
conf/sigmod/CarinoKKB01,375733,1
conf/vldb/SimonD95,357778,0
conf/vldb/FuC94,672824,1
conf/vldb/MartinC94,673004,1
journals/sigmod/Fagin02,637413,0
journals/sigmod/Ozsu03,671530,0
conf/vldb/RastogiS98,671183,1
journals/vldb/KemperK95,253302,0
conf/vldb/ShaferA97,248609,0
journals/sigmod/FininJ02,959078,0
conf/sigmod/BaruFGHJPW95,223876,1
journals/sigmod/FrewD97,507339,0
journals/sigmod/PhatakSSS96,381897,1
conf/sigmod/BhattacharyaMBNHS02,564749,1
journals/vldb/KellerB96,765753,1
journals/sigmod/BertinoEH01,604285,0
journals/sigmod/David03,959082,0
journals/vldb/CatarciSC97,765550,1
conf/vldb/Gibbons01,672351,1
journals/sigmod/Stacey95,601878,0
journals/vldb/DeWittNSV96,673465,0
conf/sigmod/IoannidisLANT97,253415,1
journals/tods/FukudaMMT01,383893,1
conf/sigmod/ZhangNDLL01,375722,1
conf/sigmod/HsiaoCY94,191879,1
journals/vldb/MuckP97,765753,0
conf/sigmod/GoelI96,564783,0
conf/vldb/CatozziR01,765507,0
conf/sigmod/ShahC01,375773,1
conf/vldb/HaberIL95,673296,1
journals/sigmod/Liu02,637415,0
journals/tods/Kuo96,236712,1
journals/tods/CuiWW00,335468,0
journals/sigmod/Jannink95,202666,1
journals/sigmod/WolfsonSDNR95,219737,1
conf/vldb/Greco98,671344,1
conf/sigmod/BumbulisB02,564753,1
conf/vldb/AtzeniMM97,671014,1
journals/sigmod/FlorescuLM98,290605,1
conf/sigmod/LaursenOP94,191933,1
conf/sigmod/2003,375757,0
conf/vldb/YanL95,673154,1
conf/vldb/MohanBWSZ00,671858,1
journals/sigmod/Ozsu02b,507342,0
conf/vldb/SheikholeslamiCZ98,765541,0
conf/sigmod/Lassettre98,671192,0
journals/sigmod/Chaudhri98,604262,0
journals/sigmod/Colliat96,310061,0
journals/sigmod/GobleR02a,637422,1
conf/vldb/AltinelF00,335454,0
journals/vldb/BarbaraI95,223844,0
journals/sigmod/MotroA03,959076,0
conf/vldb/Huyn97,673644,1
conf/sigmod/Bussler02,564801,1
journals/sigmod/RoantreeS02,637435,1
conf/vldb/LeeL96,673331,1
journals/vldb/AbiteboulB95,191891,0
journals/sigmod/MukhopadhyayGS03,776989,1
conf/vldb/GinisHKMT97,758382,0
conf/sigmod/Bosworth03,564751,0
conf/vldb/MohanBWSZ00,277641,0
conf/sigmod/AdyaGLM95,223787,1
conf/sigmod/DeshpandeGR01,375685,1
conf/vldb/LevyRO96,673469,1
journals/sigmod/Hanson99,309895,0
conf/sigmod/GodfreyGXZ01,375749,1
conf/sigmod/AcharyaPR99,304184,1
journals/tods/ChoG03,958945,1
journals/sigmod/HuangKL02,191988,0
journals/sigmod/CoxEH96,245901,1
conf/vldb/DayalHL01,672211,1
journals/tods/WijesekeraJPH03,937599,1
journals/tods/KotidisR01,959075,0
conf/vldb/May01,672020,0
conf/sigmod/FegarasM95,181552,0
conf/vldb/ChakrabartiGRS00,671851,1
journals/vldb/GibsonKR00,363954,0
journals/sigmod/ZobelMR96,245891,0
journals/vldb/ConstantopoulosJMV95,615213,1
conf/vldb/PellenkoftLK97,673661,1
conf/vldb/StohrMR00,671840,0
conf/vldb/SellisRF97,673658,1
journals/sigmod/X95a,637420,0
journals/vldb/Baumann94,672202,0
journals/sigmod/MeltonE01,604265,0
conf/sigmod/Carey94,191929,1
conf/sigmod/RafieiM97,276379,0
conf/sigmod/Arpaci-DusseauACHP97,253322,1
conf/sigmod/TheodoulidisAACKS94,191967,1
conf/vldb/ChienTZ01,872817,0
conf/sigmod/WynblattN01,223882,0
conf/sigmod/IlyasRLGL03,233341,0
conf/sigmod/KornMZ03,872868,1
conf/sigmod/MamoulisP99,276312,0
conf/vldb/NaumannLF99,671356,1
conf/sigmod/AbiteboulCM95,223854,1
journals/tods/GraefeC95,210202,1
journals/sigmod/LeeCL95,212011,1
conf/vldb/BonczRK98,671171,1
journals/sigmod/KuanL99,223861,0
journals/tods/LechtenborgerV03,777946,1
conf/vldb/AlsabtiRS97,673650,1
journals/sigmod/Winslett02a,603874,0
conf/vldb/King02,304213,0
journals/sigmod/WestmannKHM00,959087,0
journals/sigmod/Camps96,234890,1
journals/sigmod/TheodoridisN00,945741,0
journals/sigmod/BerraNT95,223884,0
conf/vldb/ZhouS03,671860,0
journals/sigmod/Wiegand03,959081,1
journals/sigmod/Winslett03,223864,0
journals/tods/Jagadish95,673136,0
conf/sigmod/TrisoliniLN99,276358,0
conf/sigmod/BrinkhoffKSS94a,191988,1
conf/vldb/Sol01,223869,0
journals/sigmod/GottlobKP03,565129,0
conf/sigmod/Lassettre98,276371,1
conf/vldb/KeimH99,671505,1
journals/sigmod/Suciu01,603874,1
journals/sigmod/Kuijpers02,601866,1
conf/vldb/BouganimP02,672176,0
conf/sigmod/Atkinson95,344808,0
conf/sigmod/GrossmanQ94,191965,1
conf/sigmod/2002,191932,0
journals/sigmod/NormanZT96,234892,1
conf/sigmod/LiYVGPUV98,335429,0
conf/vldb/Johnson99,671351,1
conf/sigmod/IpeirotisGS01,375671,1
conf/sigmod/LiBCS00,336583,1
journals/vldb/BunemanFS00,765224,1
journals/sigmod/NobleS95,181569,0
conf/vldb/TeisseirePC94,672831,1
conf/vldb/Bernstein94,672999,1
conf/vldb/ImielinskiB02,671663,0
conf/vldb/HaasB03,191893,0
conf/vldb/George98,671032,1
conf/sigmod/LamCKNH01,202664,0
conf/sigmod/Kramer97,253372,1
conf/vldb/RaghavanG01,672025,1
conf/sigmod/2003,271096,0
conf/sigmod/GoyalHKMS96,233369,1
journals/sigmod/AtkinsonDJPS96,507340,0
conf/sigmod/Rajaraman99,304246,1
conf/sigmod/Gettys95,615233,0
conf/vldb/Amer-YahiaCD98,671324,1
conf/sigmod/BrownCL96,603872,0
conf/sigmod/Ellison95,277954,1
conf/sigmod/GaoW02,564773,0
conf/vldb/WangZL03,673630,0
conf/sigmod/HanPDW01,375664,1
journals/sigmod/PourabbasR00,262769,0
conf/sigmod/AgrawalK03,671018,0
conf/sigmod/GuoSBS03,872762,1
journals/sigmod/JukicNV03,333611,0
conf/vldb/DeWittKLPY94,672974,1
conf/sigmod/GarofalakisGR02,564794,1
conf/sigmod/Mohan01,375798,1
journals/sigmod/ShahMFH01,304574,0
conf/vldb/SripadaW94,672983,1
conf/sigmod/BorkarDS01,335376,0
conf/sigmod/LiuFP03,262768,0
conf/vldb/ChaudhuriW00,671696,1
journals/sigmod/NascimentoSP03,248615,0
journals/sigmod/Snodgrass00c,181565,0
conf/vldb/FukudaMMT96,673495,1
conf/sigmod/GebhardtJJ97,671845,0
conf/vldb/Huyn01,765238,0
conf/vldb/PapadiasMD98,671163,1
conf/sigmod/LometT99,333615,0
conf/vldb/ShaferAM96,672836,0
journals/sigmod/Bernstein98,273271,1
journals/tods/TaoSP03,958943,1
journals/tods/KossmannS00,352982,1
journals/sigmod/JenningsNF98,306112,1
journals/sigmod/ShethMKA01,603880,0
conf/vldb/FangSGMU98,671338,1
journals/sigmod/ClementiniF00,945727,0
journals/tods/BozkayaO99,328959,1
conf/sigmod/ReissK03,233336,0
conf/vldb/TreschPL95,673309,1
conf/sigmod/LitwinS00,335418,1
conf/vldb/NetzCBF00,276358,0
journals/sigmod/McClatcheyV97,271087,1
journals/sigmod/Barbara01,245886,0
journals/tods/WandSW99,331989,1
journals/sigmod/HasanFV96,234894,1
conf/vldb/BarjaPFWD94,672969,1
conf/vldb/LaneEN00,671857,1
journals/sigmod/BorgidaCS98,765231,0
journals/sigmod/TomasicS97,565129,0
conf/vldb/AshwinRSSS97,764203,0
journals/vldb/MehrotraKS97,765553,1
conf/vldb/GravanoG95,673294,1
conf/vldb/Koch03,758364,0
journals/sigmod/ACT-NET96,290601,0
journals/sigmod/MarchiLPT03,271096,0
journals/tods/BellNNS96,232691,1
journals/vldb/ChakrabartiGRS01,767147,1
conf/sigmod/OhHP00,603870,0
conf/vldb/BergerBSW03,872796,0
journals/sigmod/DunhamH95,507366,0
journals/sigmod/GatziuJSV99,271080,0
journals/tods/GravanoGT99,320252,1
journals/tods/LitwinN96,671032,0
conf/vldb/Schek00,671685,0
conf/sigmod/CrescenziMM02,564778,1
conf/vldb/Wang95,212022,0
journals/sigmod/EisenbergM98,290604,1
conf/sigmod/FernandezS96,233355,0
conf/sigmod/WaasG00,335427,0
journals/sigmod/FengJH01,507359,0
conf/vldb/VassalosP97,223812,0
conf/vldb/RahmM95,673163,1
conf/vldb/LabioYCGW00,671684,1
conf/vldb/VassalosP97,673662,1
conf/vldb/FlorescuLSY99,223892,0
conf/sigmod/TsueiPK97,253279,1
journals/vldb/C94c,615205,1
conf/vldb/KemperKW99,671506,1
journals/sigmod/Camps02,565125,1
journals/sigmod/CaplinskasEV02,507367,1
journals/sigmod/LohmanGFS01,959064,0
conf/vldb/RaghavanG01,764213,0
journals/sigmod/Hammer02,565135,1
conf/sigmod/WhiteD95,223814,1
journals/sigmod/Mackay99,309878,0
journals/sigmod/CuiJO02,777001,0
conf/vldb/Schoning98,950494,0
journals/sigmod/LeveneP02,333614,0
journals/sigmod/SellisV95,219766,1
journals/sigmod/GolabO03,776986,1
journals/sigmod/MotroA03,637434,0
conf/sigmod/GuptaS03,872809,1
journals/sigmod/HasanMV96,777003,0
journals/sigmod/LenzVJS03,245908,0
journals/sigmod/YauLMS99,333612,1
journals/sigmod/Alonso94,212023,0
journals/sigmod/DunhamH95,253276,0
conf/sigmod/PonnekantiK00,335462,1
journals/vldb/FungKL03,233344,0
conf/vldb/BrightR02,304217,0
conf/sigmod/KotidisR98,276327,1
conf/sigmod/YangM97,253361,1
conf/sigmod/AgrawalW00,357776,0
conf/sigmod/BergstraesserBPS99,304230,0
conf/vldb/ChoALS02,673490,0
journals/sigmod/CalvaneseGLV03,959076,1
journals/sigmod/Hampapur99,309883,1
conf/sigmod/MorpainCFP96,233362,1
journals/tods/GuoSW96,232692,1
journals/tods/Chomicki95,210200,1
journals/vldb/SheikholeslamiCZ00,672212,0
journals/sigmod/Cetintemel01,604284,1
conf/sigmod/AgichteinGV01,375774,1
conf/vldb/AilamakiDHW99,248612,0
journals/sigmod/SmithO99,565123,0
journals/vldb/PucheralBVB01,767143,1
conf/sigmod/Larson01,872826,0
conf/sigmod/NaumanS98,276369,1
journals/sigmod/Hampapur99,601866,0
conf/sigmod/French95,223871,1
conf/sigmod/Olson95,223873,1
conf/sigmod/Team95b,223899,1
conf/vldb/Schoning98,765240,0
journals/tods/PolyzoisG94,185836,1
journals/sigmod/TianDCZ02,507341,1
conf/sigmod/LahiriJJC98,276366,1
conf/sigmod/ZhouLP99,304580,1
journals/sigmod/Jonsson03,253335,0
conf/sigmod/MissikoffT94,181554,0
journals/sigmod/RoantreeS02,776994,0
journals/vldb/AntoshenkovZ96,765852,1
conf/sigmod/SeidlK98,276319,1
conf/sigmod/ShashaB02,564799,1
conf/sigmod/Perna95,223872,1
journals/sigmod/Hellerstein03,945730,1
conf/sigmod/Brewer98,253364,0
conf/sigmod/MumickQM97,233313,0
journals/sigmod/Segev94b,959061,0
conf/vldb/ZouS98,671182,1
journals/sigmod/KoubarakisTID03,945736,1
journals/sigmod/Nascimento03,776996,1
journals/sigmod/Wu02,564774,0
conf/sigmod/ChenWZ98,276392,1
conf/vldb/YanG95,673153,1
conf/sigmod/Cabrera03,223876,0
conf/sigmod/FranklinZ98,278249,0
conf/vldb/ChoenniV00,304203,0
journals/sigmod/GalianoM03,641003,0
conf/sigmod/BrunoKS02,601880,0
conf/vldb/AmmannJR95,673164,1
journals/vldb/HarrisR96,765755,1
conf/sigmod/VitterW99,304199,1
journals/sigmod/Fagin02,273267,0
journals/sigmod/Winslett03b,603882,0
journals/sigmod/WuY00,765222,0
journals/sigmod/MedeirosP94,565120,0
conf/vldb/AshwinRSSS97,671013,0
journals/vldb/PeckhamMD95,673138,0
conf/vldb/ZhuS02,564751,0
conf/vldb/Mohan99,671526,1
conf/vldb/BaumannFRW97,276359,0
conf/sigmod/Eaton98,276357,1
conf/vldb/Gawlick96,673334,1
conf/sigmod/Lassettre98,276360,0
conf/sigmod/ChristophidesCS00,233326,0
conf/vldb/HsuLOMTX02,945734,0
journals/vldb/Halevy01,767151,1
journals/sigmod/JukicNV03,776987,1
journals/sigmod/Snodgrass02,565128,0
conf/vldb/DiwanRSS96,673636,1
journals/sigmod/Franklin00b,507363,0
journals/sigmod/Hammer02a,344822,0
conf/vldb/Schnase00,671685,1
conf/vldb/CiacciaPZ97,671005,1
conf/sigmod/TsurUACMNR98,276331,0
conf/vldb/Bowker00,671871,1
journals/sigmod/Hanna95,202664,1
journals/sigmod/Kemper02,507354,1
journals/sigmod/DongS00,344808,1
conf/sigmod/Mohan94,253379,0
journals/vldb/WhangKW94,191877,0
journals/sigmod/SnodgrassAABCDEGJKKKLLRSSS94a,187449,1
journals/vldb/RafieiM02,191919,0
conf/sigmod/Weininger02,223856,0
journals/sigmod/Group94,176569,0
conf/sigmod/StoltePAG03,223848,0
conf/vldb/TsatalosSI94,765513,0
conf/sigmod/HarinarayanRU96,219769,0
conf/sigmod/BabyCY01,375761,1
conf/vldb/LabrinidisR01,672362,1
conf/sigmod/AdamY98,276350,1
conf/sigmod/BreitbartKRSS99,304191,1
journals/tods/Kuo96,280363,0
conf/sigmod/KarbhariRXD02,564773,1
journals/sigmod/Segev94a,181560,0
conf/vldb/FukudaMMT96,280359,0
conf/sigmod/FaloutsosL95,336564,0
journals/vldb/TempletonHMB95,223814,0
conf/vldb/Toivonen96,245907,0
conf/sigmod/PoosalaIHS96,233342,1
journals/sigmod/MusickM98,959064,0
conf/sigmod/Kramer97,191936,0
conf/sigmod/CluetDSS98,375729,0
conf/vldb/BaumannDFRW99,671513,1
journals/sigmod/AbiteboulH95,776997,0
journals/sigmod/SegevJS95,872828,0
conf/sigmod/Jhingran00,335469,1
journals/vldb/Sarawagi01,767148,1
journals/tods/MayL02,582411,1
journals/sigmod/KuokFW98,273257,1
conf/vldb/BrownS95,223854,0
conf/sigmod/PapadiasTFS03,640993,0
conf/sigmod/Bierman03,276330,0
conf/sigmod/Atkinson95,223874,1
conf/vldb/SeidlK97,673655,1
conf/vldb/Dasgupta96,765560,0
conf/vldb/ShuklaDN98,671189,1
conf/vldb/ShaferAM96,673491,1
conf/sigmod/ChawatheRGW96,223896,0
conf/sigmod/OlstonJW03,872825,1
journals/sigmod/Bohlen95,273267,0
conf/vldb/ChaudhuriS94,672834,1
journals/tods/EiterLLS01,502031,1
conf/sigmod/KornJF97,375742,0
journals/sigmod/BoscMP01,765224,0
conf/sigmod/MatiasVW98,276344,1
conf/vldb/AgarwalADGNRS96,673634,0
conf/sigmod/LiefkeS00,671350,0
conf/vldb/BertinoBFS96,673475,1
conf/sigmod/McIverK94,191913,0
journals/vldb/NguSHL01,765504,1
conf/sigmod/Spiro98,276359,1
conf/vldb/TanSHCR01,673139,0
journals/tods/CeriFPT94,185828,1
conf/sigmod/Dietterich94,276365,0
conf/sigmod/GriffinH97,253355,0
conf/vldb/DeenJNNW00,276340,0
conf/sigmod/PadmanabhanBMCH03,276310,0
journals/sigmod/Widom96a,245898,0
journals/sigmod/Han98,565142,0
conf/vldb/Blum99,671348,1
conf/sigmod/KuhnTS94,304248,0
conf/vldb/HaasKWY97,670995,1
journals/sigmod/Eisenberg96,245907,1
journals/sigmod/Snodgrass02,507369,1
conf/sigmod/JagatheesanR03,872878,1
conf/vldb/AgrawalSX01,191856,0
conf/sigmod/RamaswamyRS00,764205,0
conf/sigmod/BryanMCLG94,672973,0
conf/vldb/LiM01,671349,0
conf/sigmod/Norrie95,223873,0
conf/sigmod/Pirahesh94,191941,1
journals/sigmod/FengJH01,565138,0
journals/vldb/LinJF94,767094,0
conf/sigmod/LometW98,276345,1
journals/sigmod/GatziuJSV99,344853,0
journals/vldb/CombiP01,233368,0
conf/vldb/DavisonG94,672821,1
journals/sigmod/BohmR94,248604,0
journals/sigmod/Alonso94b,959071,0
journals/sigmod/Winslett03a,273273,0
journals/sigmod/Keim96,262763,0
conf/vldb/ChaudhuriS01,671680,0
conf/sigmod/ZaianeHLCC98,673486,0
journals/sigmod/GriffinK98,245908,0
conf/vldb/LiRS99,671355,1
journals/sigmod/Winslett03c,507361,0
journals/sigmod/Snodgrass01,604282,0
conf/vldb/Bayer95,673133,1
journals/tods/Meo00,363956,1
journals/vldb/FernandezFLS00,765222,1
journals/sigmod/NobleS95,564726,0
conf/vldb/GuptaM96,673463,0
journals/sigmod/AtzeniM98,245886,0
journals/sigmod/RamDD99,333613,1
journals/vldb/BarbaraI95,615236,1
conf/sigmod/BerchtoldBK98,253411,0
conf/sigmod/GuhaJKSY02,637432,0
journals/sigmod/MotroA03,276358,0
conf/sigmod/WaasG00,335451,1
journals/sigmod/Palpanas00,565123,0
journals/vldb/FahlR97,765562,1
conf/vldb/ChristopheBPV00,758380,1
journals/sigmod/Neven02,564706,0
journals/sigmod/BernsteinHP00,369289,1
conf/vldb/Sarawagi95,673159,1
journals/tods/YanG99,331992,1
conf/vldb/ChakrabartiSD98,671328,1
conf/sigmod/PalmerF00,758376,0
journals/vldb/AnGSVKI02,641270,1
conf/vldb/YuV00,758377,1
conf/sigmod/Epstein95,277955,1
conf/vldb/MatiasVW00,672011,1
journals/sigmod/Alonso94,603885,0
journals/sigmod/PissinouSEMOPSTD94,181557,1
journals/sigmod/KuanL99,672971,0
journals/vldb/GeorgakopoulosRL94,615186,1
journals/sigmod/Jarke95,202671,1
journals/sigmod/CareyS99,776986,0
journals/sigmod/Wiegand02,202663,0
journals/tods/Bohm00,357776,1
conf/sigmod/GoldmanW00,637414,0
journals/sigmod/Aberer02b,362137,0
conf/sigmod/Squire95,276361,0
conf/vldb/ChirkovaHS01,767154,0
journals/sigmod/DomenigD99,603881,0
conf/sigmod/GarofalakisG02,304207,0
conf/sigmod/IvesLPST00,335492,1
conf/sigmod/LuoEHN02,375800,0
conf/sigmod/Ozsu99,304227,0
journals/sigmod/LabrinidisM01,959067,0
journals/vldb/FangGM96,765693,1
conf/vldb/Padmanabhan96,673329,1
journals/vldb/LandauST95,615233,1
conf/sigmod/VitterW99,223844,0
journals/sigmod/Colliat96,306103,0
journals/sigmod/Finkelstein95,219777,1
journals/sigmod/JainH94,601865,0
conf/sigmod/RiedewaldAA02,565140,0
journals/sigmod/GeppertD94,181556,1
conf/sigmod/NgLK98,276364,1
journals/sigmod/Snodgrass94,304584,0
conf/sigmod/QunLO03,872817,0
journals/sigmod/BoucelmaCGJLL02,564718,0
journals/sigmod/Klein94,187445,1
journals/sigmod/PoessF00,187460,0
conf/vldb/PapadiasZMT03,872814,0
conf/sigmod/JajodiaSSB97,249979,0
journals/vldb/PacittiS00,764222,1
conf/sigmod/BraumandlKK99,320252,0
conf/sigmod/Sarawagi00,336564,1
journals/tods/KossmannS00,185836,0
conf/vldb/ChengGKLLQS99,671357,1
conf/sigmod/BlohsfeldKS99,304244,0
conf/vldb/Shmueli01,672369,1
conf/vldb/CarinoJ98,671030,1
journals/vldb/KemperK95,615230,1
conf/sigmod/NguyenS96,233371,1
journals/vldb/PapazogluK97,765549,1
conf/sigmod/Sahuguet01,375757,1
journals/sigmod/NascimentoSP03,565128,0
conf/vldb/Moerkotte98,671173,1
journals/sigmod/PapianiWDN99,333614,1
journals/sigmod/McHughAGQW97,262770,1
conf/sigmod/AdelbergGW97,253361,0
conf/sigmod/Blakeley96,223869,0
journals/tods/BunemanO96,227609,1
journals/sigmod/CampbellEM03,640999,0
journals/tods/KotidisR01,503100,1
conf/sigmod/PapakonstantinouV99,375767,0
conf/vldb/ChoenniV00,336583,0
conf/vldb/IshikawaSF98,671331,1
conf/sigmod/ChanI98,276336,1
journals/tods/StolboushkinT98,288089,1
journals/vldb/VerykiosME03,775455,1
conf/vldb/SarawagiS96,673632,1
journals/sigmod/EnglertGH95,223869,0
journals/sigmod/ShahMFH01,604282,1
conf/vldb/BrownS95,335484,0
conf/sigmod/BunemanM95,564699,0
conf/sigmod/FreireHRRS02,564725,0
conf/sigmod/KornJF97,253332,1
conf/sigmod/FaloutsosRM94,191925,1
conf/sigmod/DeolaseeKPRS01,375692,0
journals/vldb/Barbara-MillaG94,615201,1
conf/vldb/AshwinRSSS97,673645,1
conf/vldb/GoodmanRS94,672833,1
journals/sigmod/Kumar03,507345,0
journals/vldb/Seshadri98,765531,1
conf/sigmod/Weininger02,564754,1
journals/sigmod/EisenbergM00,565142,0
conf/sigmod/AnnamalaiCD00,335463,1
conf/vldb/FerrandinaMZFM95,673314,1
journals/sigmod/Bhashyam96,245908,1
journals/sigmod/KappelR98,290601,1
conf/sigmod/AgrawalCFGHIIMMSS94,280357,0
conf/sigmod/SeshadriLR94,191926,1
conf/vldb/Madnick95,673306,1
conf/sigmod/PopaDST00,335421,1
journals/sigmod/TanakaV01,603879,1
conf/sigmod/Gerber95,223842,0
journals/sigmod/Keim96,640999,0
conf/vldb/GibsonKR98,671202,1
conf/sigmod/WattezCBFF00,335452,1
conf/vldb/SumiyaYTSI95,673141,1
conf/sigmod/CasatiS01,234900,0
conf/vldb/LuTD95,673139,1
conf/sigmod/PolyzotisG02,564782,0
conf/vldb/RamanH01,672045,1
journals/sigmod/ONeilG95,212001,1
journals/sigmod/Danish98,565142,0
journals/vldb/ChandrasekaranF03,950486,1
conf/vldb/BrownS95,673313,0
journals/sigmod/Snodgrass97,369291,0
conf/sigmod/HaasH99,304208,1
journals/sigmod/YeungHL94,187447,1
journals/sigmod/Widom96b,601865,0
conf/sigmod/MaddenH02,564776,1
journals/sigmod/EisenbergM99,310075,1
conf/sigmod/Maguire01,375742,1
conf/sigmod/WangCMSSZ94,191856,0
journals/tods/AikenHW95,202107,1
conf/sigmod/BrunoCG01,375686,1
conf/vldb/SavasereON95,673300,1
journals/sigmod/Franklin00a,945726,0
journals/sigmod/Darwen96,245886,1
conf/vldb/HellersteinNP95,253272,0
conf/sigmod/TomasicGS94,344869,0
conf/sigmod/Atkinson95,223877,0
conf/sigmod/2000,671683,0
conf/vldb/Blecken00,671691,1
conf/sigmod/BlakeleyD00,375810,0
conf/sigmod/AtzeniT97,276356,0
conf/sigmod/PolyzotisG02,564733,1
journals/sigmod/ChienTZ01,637429,0
journals/sigmod/Wade96,381895,1
journals/vldb/ChangG01,767145,1
journals/vldb/SaltenisJ02,767093,1
journals/sigmod/GottlobKP03a,271087,0
conf/vldb/MiningGroup96,191931,0
journals/vldb/DesslochHMMT98,765526,1
journals/sigmod/Kuijpers02,641002,0
conf/vldb/AmirKN01,672215,1
conf/sigmod/Weininger02,564759,0
conf/vldb/CeriFP99,671524,1
conf/vldb/Sol01,271080,0
conf/sigmod/Levine95,219042,0
conf/vldb/CherniackFZ01,672180,1
conf/vldb/Mohan02,276358,0
journals/sigmod/GeppertD94,565126,0
conf/vldb/BernsteinPS99,671498,1
journals/sigmod/MaximilienS02,945740,0
journals/sigmod/DoanPK95,212003,1
journals/tods/FranklinCL97,191919,0
journals/sigmod/Ozsu03a,262766,0
conf/sigmod/2002,604274,0
conf/sigmod/Bussler01,375810,1
conf/vldb/LiRS99,775456,0
journals/vldb/Baumann94,223883,0
conf/sigmod/HernandezMHYHT01,280361,0
journals/sigmod/KramerNKRLKLZ97,248607,1
journals/sigmod/ShethBS99,640994,0
journals/tods/LitwinN96,601881,0
conf/sigmod/BozkayaO97,253345,1
conf/vldb/CareyKSSS00,671862,1
journals/sigmod/Fankhauser01,202666,0
conf/sigmod/WangSSZZW00,276374,0
journals/sigmod/OukselS99,309849,1
conf/sigmod/HjaltasonS98,276326,1
journals/sigmod/SouzaS99,375742,0
conf/vldb/GeorgeH98,671190,1
journals/sigmod/Naughton00,233359,0
journals/sigmod/OukselS99,191942,0
conf/sigmod/TheobaldW02,564768,1
conf/vldb/OzsuLON01,671529,0
conf/sigmod/DattaDTVSR02,191938,0
journals/sigmod/Libkin99,344850,1
conf/sigmod/ForlizziGNS00,758380,0
conf/sigmod/Levine95,335427,0
